participant_id,age,gender,handedness,val_baseline,ar_baseline,round,emotion,emotion_name,erased_pixels,drawing_time,val_start,ar_start,val_end,ar_end,n_strokes,n_undone_strokes,n_eraser_strokes,stroke_total_length,stroke_mean_length,stroke_std_length,stroke_mean_speed,stroke_std_speed,stroke_mean_accel,stroke_std_accel,stroke_mean_pressure,stroke_std_pressure,stroke_pressure_slope,pen_size_used_count,pen_size_mean,pen_size_std,stroke_mean_curvature,stroke_mean_angularity,avg_time_between_strokes,std_time_between_strokes,total_pause_time,pause_ratio,stroke_frequency,stroke_mean_abs_jerk,stroke_speed_zero_cross_rate,pressure_velocity_corr,tilt_x_mean,tilt_y_mean,tilt_x_std,tilt_y_std,tilt_pressure_corr,stroke_mean_straightness,stroke_std_straightness,bbox_width,bbox_height,bbox_area,centroid_x,centroid_y,spatial_spread,ink_density,speed_dominant_freq,speed_dominant_freq_power,stroke_speed_trend,stroke_speed_half_diff,stroke_length_trend,stroke_length_half_diff,pressure_change_bandwidth,pressure_change_median_freq,pressure_change_peaks_per_sec,pressure_change_distance_to_mean,tiltx_change_bandwidth,tiltx_change_median_freq,tiltx_change_peaks_per_sec,tiltx_change_distance_to_mean,tilty_change_bandwidth,tilty_change_median_freq,tilty_change_peaks_per_sec,tilty_change_distance_to_mean,speed_peaks_per_sec,speed_distance_to_mean,trajectory_fractal_dimension,tilt_magnitude_mean,tilt_magnitude_std,tilt_angle_mean,tiltx_trend,tilty_trend,stroke_straightness_trend,bbox_aspect_ratio,bbox_diagonal,bbox_elongation
kadd,22,2,2,0.23039215686274517,-0.630718954248366,1,1,EXCITEMENT,2925,300.1441869735718,0.5196078431372548,0.21241830065359468,0.1895424836601307,-0.20915032679738566,84,1,0,258.8919316833975,3.0457874315693823,4.8489798535344795,962.5446406462944,511.0160624718047,6948089.500981153,3442235.175293998,0.30629208279000414,0.09539758590359526,0.000641996951557734,2,5.235294117647059,2.156506209390983,0.45721250782852896,20.097922621852078,2.5659835508891513,7.066338078632825,215.54261827468872,0.7181302441605095,0.2798654901398985,978147350322.2134,113.5655808125388,0.08546917355878354,0.2974984556286328,0.010089736768167906,0.012161789783165813,0.015106200560657422,-0.016213749704454713,0.7324740256582911,0.25977559355422397,29.121525805194672,14.64510644758342,426.4878453331234,15.554351064757629,4.848695010990464,9.328028957256581,0.607032379741516,0.03032513552011004,0.04392361676046148,-5.767421624337155,-344.84951689875027,0.007508912258734585,-0.3925972112490279,15.545422595996408,8.585803994131156,6.554019914283783,0.014319552952884992,15.488562966896204,8.544106932791005,1.7588578601663825,0.014149915067492786,15.803186247917345,8.585803994131156,2.1985723252079783,0.015666999567574294,7.467564621827098,0.049264915617077895,1.40924492448426,0.3157070389988704,0.011968772418654029,-0.016987147762109706,-0.003044864339590754,-0.0016242518166758113,-0.0014360197332282639,1.98848167539267,32.596662529830695,0.3307638402242466
onxu,24,2,2,0.6388888888888888,0.18300653594771243,1,2,CONTENTMENT,17127,280.17847657203674,-0.014705882352941124,-0.32843137254901966,0.29084967320261446,-0.5604575163398693,136,0,15,195.54312787160976,1.29498760179874,3.1672794426907047,476.0082280295348,228.15551891213212,5432015.937819017,2095324.64816197,0.400103229797745,0.13689673919912024,-0.00022439898569211674,2,8.47682119205298,10.469023646947484,0.5465021831050563,28.3950865515817,1.3396392186482748,1.612450457524168,200.9458827972412,0.7172067078663552,0.5389421837375733,437950034954.8888,67.1575930260769,0.0411454250909806,0.711884721603965,-0.01078065649640269,0.006842813929576396,0.008505942329893159,0.09230207886488342,0.7288028209958327,0.29932810207100896,15.319854807472078,10.443264388276763,159.9892941444437,9.197093403424388,6.847818200851484,4.521808085416931,1.222226330313495,0.022942759820709,0.04374632945856858,-1.4704174113772404,-130.64188912389585,-0.01769181274456947,-1.4080909830425576,15.13457389506104,8.224979395724176,5.5139099435770635,0.014118475287515217,15.176635621399004,8.599711139462425,1.0859572981802261,0.014293366840046555,15.581957711564863,8.569120793034813,2.248390462429482,0.01468833086828507,6.852237599785088,0.0398643215830472,1.2672954859945178,0.7140700097639515,0.006809446779562993,-0.014881081202776144,9.426995572904298e-07,-9.147946623709652e-05,0.0008353623993411226,1.4669603524229073,18.540758409662615,0.18928571428571422
hnba,23,2,1,1.0,0.661764705882353,1,3,ANGER,52003,182.02278399467468,1.0,0.576797385620915,0.5947712418300655,0.4411764705882353,75,21,0,190.61482290170545,1.985571071892765,4.1981259713086665,1302.8696955377047,703.5774934759783,9989734.623446591,4706549.767174635,0.48084617536154467,0.12174679908385085,-1.8170566449405665e-05,1,5.0,0.0,0.3963573367772378,13.122998574479851,1.4416792292343943,2.9751824254198143,136.95952677726746,0.7524306780258585,0.41203633058482514,1219003382852.7773,316.6361245370943,0.19037694180343448,-0.2524728243750933,-0.027236814980051132,0.006792118883309273,0.005068082122202602,0.05145146937710774,0.7606712937371686,0.2911080753959237,29.428229605144065,10.259242108307127,301.9113323380244,12.852581485173358,9.211173296327695,8.506372032754756,0.6313602786141538,0.02544304638294385,0.0557452672479244,-9.791788610310228,-410.9361795953971,-0.043482564804747596,-1.628895715889431,12.473453489238223,6.80601490743748,5.0250016606314105,0.030475192700481636,13.033200509662986,6.9650339473308795,1.4947789749979512,0.034559858877584386,12.479814250833957,6.933230139352199,1.1576586104239452,0.031773747352098314,5.6865208665879505,0.11375881818127032,1.2192213438758828,0.2631670077316315,0.007232002373749234,-3.0047102244833632,0.0015184479768929966,-0.00023220168236015245,-0.004105269151412568,2.868460388639761,31.16524901761479,0.482998454404946
aagi,25,2,2,0.4362745098039216,-0.6356209150326797,1,4,SADNESS,3248,300.1492118835449,-0.6290849673202614,0.7173202614379084,-0.6356209150326797,0.27450980392156854,72,5,1,223.63612080983089,2.8671297539721907,6.407089948985551,796.0165441216834,431.34242206613027,6246866.886613336,2380612.096886215,0.3028422251524817,0.0931551380049648,0.001990338748027245,3,5.576923076923077,4.080972831383849,0.5240413723360557,26.068030859816556,2.982169241100163,5.9273524728719815,229.62703156471252,0.7650429268953258,0.24321236608251803,842935121270.49,187.60615017328718,0.16718771549770314,0.4931380690713688,0.3947460361355092,0.00877262467551207,0.01420095080321338,0.07090126320360518,0.6846828375687535,0.3262458244296705,10.826644138213503,8.204326648646209,88.82532501855431,11.48833526874667,5.512004623854603,2.3990941555747844,2.517706754949859,0.006881606002912564,0.02496728923127671,-3.9050221975908035,-150.12054887140494,0.020387450152043213,0.28311168974514267,14.644057574197936,8.075564644417893,6.055813282563056,0.013137161690825006,14.757604073245993,8.2716904155009,1.035681703438341,0.013005617631528087,15.383830219511037,8.19943355247032,1.87867843879513,0.014262085344499143,6.799026730877613,0.03752740777874938,1.45656302858732,0.6371941670690949,0.011083349646912908,0.6707413316933675,-0.0008198579918304566,-0.0005587603370761561,0.001354619000649947,1.3196261682242991,13.584078881293317,0.13779210314262696
jmzv,28,1,2,0.14379084967320255,0.3088235294117647,1,5,NEUTRAL,51998,271.10864186286926,0.22058823529411775,-0.19771241830065356,0.41013071895424846,-0.34967320261437906,117,23,4,1328.2157028529455,9.22372015870101,50.779325341668496,1778.676335953793,1211.407917172494,12087777.320237115,8465880.05471361,0.40114409512888805,0.14227882065530198,0.0017156746682297796,2,5.972222222222222,5.751744233569071,0.32209546635979275,11.408525968312176,1.1859941782651249,1.914594472870464,169.59716749191284,0.6255690203254295,0.4463155403994963,1345586199739.851,174.20855913069738,0.23637268043192827,0.5196797776666209,0.26690517626204713,0.009250545912510353,0.013571521701087582,0.12063334782717655,0.6426528131792588,0.39432701926094493,18.954294836872364,12.084129718006004,229.0461575220971,16.7034382313318,5.568256889101603,4.702556720073663,5.798899738035582,0.004034681645159087,0.2541417009654184,-16.19035428125226,-1231.0744407428797,-0.12685190936157795,-11.257937885821681,30.631303050047787,16.87707332170046,12.616449504412465,0.011497425406616616,31.474551513886038,17.066703359022938,3.772427338223746,0.014468247130008011,31.25264402340229,17.022321860926187,4.3937683115782455,0.012603294658630216,12.842391676541373,0.09734270958002357,1.523003780889295,0.6104138273161538,0.010042425498286576,0.4506783863044223,0.0004931766170988086,-0.003158818654154273,-0.0037734036493432825,1.568527918781726,22.478689548207257,0.22134387351778664
feon,23,2,2,0.05555555555555558,-0.41666666666666663,1,1,EXCITEMENT,674,223.3899371623993,0.7091503267973855,0.24019607843137258,0.6993464052287581,0.16993464052287588,69,1,2,187.22423042628444,2.600336533698395,5.2738314925855105,1001.7638354078467,755.8596549541438,7295026.51408023,4601526.062972413,0.5103201030175564,0.12720028239276696,-0.0020639290022027986,2,5.972222222222222,5.75174423356907,0.5397574856527441,24.82680855064889,1.9907031227165544,3.5351881077676945,141.33992171287537,0.632704962041887,0.3178298937806883,873305978510.3181,106.82522815489442,0.2285098313014803,0.5729485789841825,0.21411627203627617,0.010880848856401303,0.007824678470172056,0.09608257550707557,0.7581261300412387,0.27598214291625056,16.485329247279765,14.123709987669454,232.83400933982458,20.307150757619276,9.947035008172078,4.576604204527644,0.8041103228739578,0.012090224947871028,0.16907240166397045,-19.404167775176568,-501.0402747264134,-0.09684168685417095,-3.5284624023899966,12.791457994847548,6.99419513234339,5.150435827793057,0.02875551025447344,13.051397831226774,7.157413169139649,1.6805412677540725,0.029095924916212938,13.051397831226774,7.090916931926358,1.5233683434317493,0.02964453292989293,5.851668874769576,0.20186334363984718,1.4002296991715797,0.6286517797370546,0.011019012520012025,0.35058794466335763,-0.0008997675769421589,0.0029118349313977635,0.0017534435669462058,1.1672095548317047,21.70818426785187,0.07715430861723449
bujd,25,1,2,0.1797385620915033,-0.36601307189542487,1,5,NEUTRAL,13210,300.15913796424866,0.1683006535947713,-0.7745098039215687,0.3594771241830066,-0.8186274509803921,189,5,8,889.5704542117767,4.403814129761271,6.4553355539213655,1805.4876782940332,1089.0604263502444,12351414.75588298,6912577.081817521,0.34067531062899026,0.0842810432447669,0.0005484045878233991,5,6.96039603960396,7.715768593709085,0.3224273709508623,10.677897144119619,1.0536807413718001,1.899654810399561,211.7898290157318,0.7055918085724169,0.6563185160248703,1303723188130.818,217.44887481949547,0.11935654993213567,0.4693209999232116,0.1165107501248689,0.012491627640256355,0.01235137192768844,0.1293569679427049,0.5531949511211258,0.3614094406224233,26.023817425705825,13.203598587821283,343.6080390117683,13.885096984514238,6.933362271956866,8.120219498905778,2.5889104829159995,0.020957036958506123,0.057914162159901486,8.666957226618312,1309.5501175353177,-0.010657357870096805,-0.8934776075213935,25.696820150621594,14.467341180355394,10.366747615474361,0.010552072168764725,26.36045965430762,14.474326859341563,3.5172893695359444,0.01078358757779208,26.776107553984655,14.498776735793154,3.7757594920241866,0.011294485407285362,11.243450328238534,0.05895132209428329,1.6207780150201603,0.5047127375724385,0.013484752267385835,0.20389608643798118,-0.00020172737518488038,6.646061927753967e-05,0.0018896309273033834,1.9709639953542393,29.181742392715112,0.326817826426896
vupq,24,2,2,0.36764705882352944,0.5049019607843137,1,2,CONTENTMENT,14617,300.12890124320984,0.27941176470588225,0.31699346405228757,0.15032679738562083,0.11274509803921573,68,6,7,304.19823932559484,3.755533818834504,3.7459732993863466,1536.7848981160444,820.7102872216253,9978403.966815526,5754323.295231912,0.6042748657194421,0.10741200276769253,-0.0005301048629938975,4,8.641975308641975,10.177812520531809,0.2846876554506498,9.579242170411533,2.192623582482338,3.9076104132980944,175.40988659858704,0.584448501533824,0.24989262843175392,1168364039417.3616,119.83532568661825,0.21080313160999184,0.5339993302073315,0.2551460898628312,0.02612144165810225,0.024036330929298504,0.20673934025036,0.8364161291573043,0.2821865329501405,20.518484216614254,14.491754547608725,297.34883695615747,13.648867098773744,7.039064338267883,6.191855203018854,1.0230349055323438,0.004679647975978423,0.0360674562007138,8.571683811946974,267.81782818559327,-0.02850557005868891,-0.7628516448185536,16.0277943177261,8.980244465902594,7.038190555871549,0.017430475475948438,16.907568137210042,9.013002001734444,3.5050563340078393,0.02267129978983102,17.197706311720705,9.055118833518248,3.2570349912809826,0.02526780965606201,7.655904088700701,0.05353501999419381,1.4107591904959726,0.6432081525880534,0.02197119806704384,0.44075710729902673,3.951454612002625e-05,-0.002698879638449948,-0.0004870977281580839,1.4158730158730157,25.12009443484611,0.17214191852825222
jydt,33,2,2,-0.2336601307189542,0.16176470588235303,1,3,ANGER,649,300.15012764930725,-0.2924836601307189,-0.15032679738562094,0.11111111111111116,-0.16503267973856206,361,0,1,146.25521046938468,0.4040199184237146,0.495399460561998,538.6050419100081,283.91160881532323,5847864.364476639,2420289.4257478537,0.5591380268769596,0.12889366278820677,0.00020661672874443902,2,5.096685082872928,1.837016574585635,0.6513359963640016,30.098769600522452,0.6152669406003238,1.3090699412036964,222.11136555671692,0.7400009032021131,1.206063121928629,517954386434.6731,143.13435062839812,0.09075303625140825,0.5309336012398195,0.3187147814021945,0.0025097488875394126,0.0026602346536790267,0.16208120180721944,0.8002756776956472,0.19112679803541602,19.491026486783795,9.339130708458955,182.02924400210938,11.028343371196181,5.5835255643618975,6.499361599444159,0.8034709547422493,0.0037359740963659907,0.03260184436633398,-1.1693212157085453,-245.5193249445225,-0.001658527677246529,-0.3909487426942165,11.566575802349107,6.328740119243988,3.9302447493770223,0.017558423757478216,11.577783724638206,6.4781790830986274,0.8779539126460079,0.01770396599158862,11.488120346325422,6.433347393942236,0.8891618349351058,0.01756678557777378,5.316291139128805,0.04344019304135362,1.4736253639193713,0.62697514701301,0.0030831220977752256,0.5469181582091579,-0.00039088122459805645,4.364064795317054e-05,-0.0005535560323895269,2.0870279146141217,21.61294695080216,0.3521276595744681
rqnt,23,2,2,0.5392156862745099,-0.2336601307189542,1,5,NEUTRAL,5942,300.1601960659027,0.20915032679738554,-0.4395424836601307,0.36111111111111116,-0.5049019607843137,146,5,8,491.3434583069944,3.0902104296037387,4.5907058697054195,941.1100937731494,504.36459514837867,7663375.251773455,3511554.8652314106,0.6159520328206302,0.18612636727497062,-0.0014997881242021676,2,3.911949685534591,8.306535767111257,0.4569405691468285,19.14433767543694,1.2382219531868077,2.196457561141552,195.63906860351562,0.6517821855385563,0.5130593663597821,991816693998.1497,119.22277311454876,0.10139440200042737,0.5507436873606469,0.11056485989471974,0.011845076303150157,0.016737717261511586,0.009332152025714111,0.573099350007045,0.3893991518980393,25.579096915779207,12.758878077894666,326.3605788910784,16.313546369420596,5.65493957372155,5.122288279470383,1.5055233079206496,0.01030355538681688,0.04310897662756476,-3.302875070609815,-292.85368872867286,-0.011398364804115978,-0.739349866199221,25.078853811512285,14.030007918382319,11.224006334705855,0.010049357545295389,25.480692471598147,14.194864804571388,2.7750909175160134,0.010367933650763108,26.35306016101531,14.07809117685413,4.221023190132649,0.011315764284235067,11.879999360999864,0.03460572984686917,1.5272997159143735,0.5714099525416628,0.011464578197347822,0.19389816039536398,-0.00013884009936089277,-0.00018796339771999157,-5.11340581432049e-05,2.004807692307692,28.584596705803047,0.3343999999999999
byvo,22,2,2,0.49836601307189543,-0.5065359477124183,1,4,SADNESS,1050,238.72631788253784,-0.43137254901960786,-0.29084967320261434,0.32843137254901955,-0.3251633986928104,81,3,0,287.87729943273513,3.427110707532561,6.274075353607824,706.9232546819603,310.5067334478598,5912262.917623228,2100687.368117563,0.42591444085760943,0.1684157807496273,0.0002402234373464966,1,2.0,0.0,0.5736763713079712,27.86761178905534,1.697103612394218,3.329599879025131,140.8595998287201,0.5900463806341965,0.3393006716580574,788789520298.8341,164.6313404533803,0.08560082690686313,0.6202365937514275,0.3447045849120868,0.01155107511159882,0.018985768729155788,-0.1365971035986868,0.5444166686195192,0.3284029600280293,16.33197734730507,12.145470477995882,198.35954871899125,18.320787789175668,4.960519380926253,6.15130640830412,1.4512903527551397,0.004474803877074862,0.04879469596999483,3.7506124657323543,147.46838990000356,0.03642742009293899,1.0143017507392664,25.30054112098127,13.983762115858942,10.153329997082862,0.01387482342281613,25.16182220079195,14.140380251556563,2.044985371823212,0.013458019089285057,25.944912879280047,14.234351132975135,3.794633687759483,0.013535034823090751,11.240707339212053,0.03810481783036774,1.3629778456866626,0.7504272403890926,0.012520329670187822,0.525114921661788,-0.003386753633136906,0.006005714240048836,-0.0020168945009880358,1.3446969696969697,20.35303262918712,0.14701130856219713
fbeq,22,2,2,0.8545751633986929,-0.4607843137254902,1,1,EXCITEMENT,10720,300.1658613681793,0.6470588235294117,0.4444444444444444,0.6519607843137254,0.6013071895424837,56,0,6,476.62220761082034,7.687454961464844,8.54991899202308,653.0362452828542,269.445777936726,5370298.565916175,1287157.5672174098,0.5213747197143465,0.14600103199555214,-0.0012919094568585436,3,6.32258064516129,11.234701703762704,0.5366964346293931,28.84576872210508,2.7509901875355203,2.574075981148817,167.81040143966675,0.5590589172092186,0.20655246974922192,580271686337.9348,91.98432067183059,0.043185821152775306,0.530720142109335,0.4070708054699843,0.033222091133129086,0.045972951254910306,0.026648550782829256,0.6894662748276886,0.25657048506306596,29.412894415146596,14.737117587568237,433.46128358674446,11.207795478639639,9.084027044829973,7.020402344612529,1.0995727315411747,0.003474655724765339,0.06803961714139255,-2.3508529031307677,-87.71877190391046,-0.01330557941314225,-1.583960509747235,32.47760705938162,18.172449440522723,14.458042470748577,0.010013606072292847,33.09609577838985,18.193297374871314,4.155688246819346,0.010066621013176078,33.60339551420559,18.193297374871314,5.152914439826998,0.010413987830481837,15.993840301094856,0.05280297278744405,1.4484079883677008,0.7308679903052387,0.036914334227125555,0.6133815158524749,0.002226397623895741,0.001654902920441374,-0.003491254824579284,1.995837669094693,32.89834331188084,0.3324070857936784
jshj,23,1,2,1.0,-0.5735294117647058,1,5,NEUTRAL,163480,300.1267845630646,0.8562091503267975,0.14542483660130712,-0.5310457516339869,0.522875816993464,68,27,3,263.1769996409715,2.685479588173178,4.0481301896539525,563.5063025442812,289.6225373105006,5172787.569853728,1555775.2427232477,0.6737985729790731,0.1543540892228095,-0.00042462592417833394,5,8.724489795918368,8.687054187351288,0.5888634825788612,32.32443232831151,2.2078573089284994,3.010617691216938,214.16215896606445,0.7135722967140352,0.23656668998524863,568542749679.2201,76.71857793670024,0.21138877659250974,0.3765426419544888,0.23717136612997625,0.01285381159738821,0.018699152300612126,-0.15634002073201114,0.5637317975610776,0.3446548981289689,11.654744398076856,8.618376778577886,100.44497848064628,14.28882670533168,6.694373462841104,3.011684768316904,2.620111065996996,0.013797274204910094,0.05278581215941765,-2.6989073159060246,-120.62650905453899,-0.05450538185549823,-2.1507201660952813,17.736395990411925,9.509771245734282,7.7851119701205205,0.011726700028114373,17.591524611260372,9.93058810898404,1.8660813362140902,0.012008709431665583,18.257243091647283,9.968530613047543,2.721512336918516,0.013691244818490067,8.764718438669137,0.05001598888260216,1.3370426192653941,0.45907270837564557,0.0144696315071298,0.5472080292088596,0.00023141565908845626,-0.00015895707931648127,-0.002865657344767378,1.3523131672597863,14.49515385506599,0.14977307110438726
odjn,22,2,1,0.47549019607843146,0.011437908496731986,1,2,CONTENTMENT,5130,179.294331073761,0.5686274509803921,-0.011437908496731986,0.7696078431372548,-0.12745098039215685,44,18,0,125.48684141949876,2.023981313217722,2.953769251104099,773.7451100143111,335.4562430339607,5514592.586873037,3145714.2673711544,0.6320296522750105,0.12559362459131623,-0.0009214109636810117,1,5.0,0.0,0.48411211383787567,22.72166183637141,1.9964135083995882,3.4223438379517988,121.78122401237488,0.6792251784150083,0.2454065320219108,668558598876.0985,201.27761457539577,0.23429808637675184,-0.40546348615063005,0.3129998137249243,0.013223826910966182,0.011803450298408001,-0.14973290015794313,0.6641451641847153,0.3268537449591292,21.08588624652063,8.127650698658861,171.37871808337468,18.352986870400155,4.483211900688799,4.407335785383492,0.7322195125677752,0.006679758777534758,0.13025392825912682,-11.288460650503518,-362.0230163158718,-0.07946588604919087,-2.055190731132635,14.849103762459768,7.855396322380876,6.21885542188486,0.028954605815699485,15.343405911997339,8.456574612359004,1.93713004548508,0.030389811390049565,14.942620385345254,8.436535336026399,1.8970514928198714,0.02852640801962257,6.706477812644898,0.1042243640081158,1.3036678298728337,0.5449910502149803,0.013041892630189858,2.4773147641946958,-0.0025283890396727033,0.0023762609098692475,0.003941473675091804,2.594339622641509,22.598081880562734,0.44356955380577423
mtap,22,2,2,0.488562091503268,-0.8006535947712419,1,4,SADNESS,24549,289.4503905773163,0.3088235294117647,-0.707516339869281,-0.07189542483660127,-0.8218954248366013,54,20,4,322.54145530589705,4.135146862896116,8.181743089878895,1005.540798669096,1384.5041059838109,7774508.88468885,10039525.438969104,0.514173670569951,0.15568079029783644,-0.001584234476992868,3,5.987179487179487,8.016799012304213,0.5658504973364651,29.903653648601093,2.4920848344827626,2.5405167313901718,191.89053225517273,0.6629479126714671,0.2003797607055133,702219453105.3688,84.42498181655202,0.12696591478245417,0.637032800640346,-0.05387953746454221,0.0200843453018928,0.022294115064540848,0.01499897400226054,0.6207958139597348,0.36969871993898284,28.60012934528071,14.859799107547992,424.9921765207594,15.025461736879205,9.687293599540807,8.702976345856055,0.7589350419257471,0.003867538952271041,0.06306546426677008,-21.764066408388246,-1163.4329079865897,-0.13451637710633113,-5.377524766631535,17.918307965871733,9.850621711434341,8.001938092248784,0.01281056868215739,18.641537749946416,9.958912802097931,2.2122322806990353,0.013877380102419236,18.150360303007997,9.970515418954744,3.2603353367644874,0.013417578919926716,8.73290295422801,0.05097069409288885,1.240611285557047,0.6793296299280532,0.01959209863119687,-0.10166331259094531,0.0025337211393093805,0.006859509310597259,-0.003662479522791976,1.9246646026831786,32.23012609474978,0.31616090331686664
fjxq,19,1,2,0.8333333333333333,0.3431372549019607,1,3,ANGER,24572,300.14285039901733,0.45915032679738554,-0.3137254901960784,0.22058823529411775,-0.022875816993464082,58,14,5,294.91437735724537,3.8300568487953943,5.795949936496286,1418.0170549499528,1183.2073234808627,9865399.036078166,8005278.410381993,0.44637478411431625,0.13960294398074044,-0.003304092437420768,2,7.2727272727272725,8.624393618641035,0.3168403604698133,13.899561410252831,2.706416286920246,4.234606528728387,205.68763780593872,0.6852991418336052,0.20990005231257797,1025405887226.3937,390.1105270646052,0.14907392547071963,0.4992142567248565,-0.10440868610368025,0.011914045672962562,0.016421761371185083,0.09497580893416752,0.8820643230651136,0.20876410541112655,29.428229605144065,11.547398068094571,339.819481689884,15.89928541440402,5.581738092554396,8.374779724547368,0.8678560036954602,0.0038673452050732144,0.12601301283160557,36.650778839590586,1437.7299203608059,-0.06239634461838699,-1.0611060129076084,16.764941463992383,9.196546897664104,6.825864286954221,0.01380152779808101,17.027920937937363,9.250689730535129,1.593346224490164,0.013899728845345601,17.171012710525073,9.351240705867033,1.9220705669213871,0.014461577369562382,8.488822725135703,0.06631358185966035,1.4193912451886543,0.5462676598288995,0.011961490336698416,-0.21263762430065486,0.00019389053941575775,0.005745522563340903,0.0009063506953741121,2.548472775564409,31.61270472193279,0.43637724550898205
thor,19,1,2,0.8022875816993464,0.46405228758169925,1,5,NEUTRAL,13858,244.8128879070282,0.7401960784313726,0.4084967320261439,0.392156862745098,-0.130718954248366,51,2,0,666.6834812595321,12.578933608670416,21.317737964264648,1073.4552024049613,552.2113485399436,5707140.306032983,2911014.2548225773,0.45607941623290676,0.11293355538498501,-0.0006625148047772537,4,12.735849056603774,8.159150305826286,0.410666947041234,16.66583948228064,2.1942751774421105,2.4413009376673647,114.10230922698975,0.46607966681199403,0.2083223658526021,1865290462307.023,119.90615995682214,0.12764418100902025,0.5464469292870642,0.02327025603945147,0.026559521533252407,0.035719174365807016,0.24346535369387967,0.33923985046759575,0.36620453006670867,12.421503897950334,9.89119754836786,122.86354890244816,14.979528299620743,7.974102640161696,3.737865659483622,5.426210517399826,0.004373295862430429,0.03870304074282881,-2.1954193652603315,159.6032451925597,0.3263097780726482,10.69826632274593,44.856895660948915,25.019625628964487,14.243824623935911,0.0118726528703372,44.961854761647245,24.787840948255674,4.631320318313826,0.01191625596077179,47.30156804804752,24.687255143419772,5.540965857699355,0.014878792644071232,17.615635733869773,0.05078017115996326,1.639833509442037,0.5819439607053635,0.024920605139296965,0.07915405842551168,-0.0043065744788179676,0.0017575720787335856,-0.006178564621512667,1.2558139534883719,15.878587721445308,0.11340206185567005
jfyl,22,1,2,1.0,0.24346405228758172,1,1,EXCITEMENT,0,243.88129210472107,0.02287581699346397,0.25163398692810457,-0.1029411764705882,0.2009803921568627,133,0,0,710.5461703037302,5.342452408298723,10.476189353592126,1322.9479483619705,780.2213261646376,8829424.959996548,5098349.444862328,0.4154384016910303,0.08909317348232121,0.0014370167390402018,1,5.0,0.0,0.3755773167448478,13.648699825391311,1.0986307155002246,1.5798686656180432,145.01925444602966,0.5946304991026509,0.5453472829022517,1033063649249.981,109.63737411361652,0.1949774973198991,0.5726320681899202,0.16173514957844448,0.017315720833387196,0.016672819369511392,0.1241181193700069,0.49276722830005093,0.3775650577432704,23.876890826060087,13.57164314776055,324.0486417693251,15.761696929227021,6.17613499169249,6.1478000744385195,2.192714545643843,0.004438053691785406,0.05514665663360319,-4.646654321097392,-204.93043056441206,-0.010832659616582072,1.471852152673443,31.754274164724578,17.308409397963082,13.882231947904751,0.012126484980532643,32.504305238636306,17.743338659758052,3.9409916783054406,0.012759331668506423,32.71289376215022,17.627949263771633,4.699898859600745,0.01287865265873524,13.345227451198717,0.04550831977315416,1.6134734369505277,0.6177552806252387,0.015927007432415007,0.26286107190206887,-0.001187633417621578,0.000608753762002913,-0.0013096605919367447,1.759322033898305,27.46443906672314,0.2751842751842752
jtab,22,2,2,0.8398692810457515,0.6258169934640523,1,5,NEUTRAL,0,289.92101407051086,0.9934640522875817,0.7140522875816993,1.0,0.8545751633986929,95,0,0,221.9490140989141,2.336305411567517,5.440231171532586,309.88374463166036,185.8189500511403,4620070.3889879035,1832751.89659292,0.4825115218143153,0.15400994284114827,-0.0008634834560279557,2,4.052631578947368,1.3944885578412392,0.8815685868850048,43.528634070363125,1.6657344102859497,2.567200608878154,156.57903456687927,0.5400748030247926,0.32767545431148126,243256000766.21762,46.6469413492818,0.0065272597486340685,0.46275079789090406,0.03882685438604318,0.00922033876444874,0.009266928037945753,-0.18530001607398752,0.5079059731635788,0.36472102823496244,7.560248668752486,8.066309938668983,60.98330897556713,19.971984961552277,5.326486711718313,3.1524938121027137,3.639504281209759,0.010948349489271847,0.04630961739228474,-1.6343102808833743,-77.19837121767773,-0.011392197812577299,0.46099828369546225,19.7946158766035,10.43377706327607,7.485021600832186,0.011682693870656187,20.159560859579226,11.174615378716798,1.9743523578986897,0.011713976071093112,20.028180665707964,11.039585735015779,1.9342084097713597,0.011858922520846662,8.846266387331653,0.03908224779949037,1.44513528553748,0.4674539590225026,0.00923123521672231,0.06998457353498315,-0.002741274963714841,-0.001137832846098582,0.00026236830636590434,0.9372623574144484,11.055438297961947,0.032384690873405425
oyzc,22,2,2,0.7761437908496731,-0.4575163398692811,1,2,CONTENTMENT,5712,302.10522985458374,0.4836601307189543,0.3251633986928104,0.5522875816993464,-0.16013071895424835,110,1,2,524.6089971759906,4.6425574971326595,13.549116988575287,1154.5275785950598,909.1581216180963,8015952.082563853,5847580.654920399,0.7090352170228871,0.13429516248160592,-0.0008740987148717166,3,6.150442477876106,5.565731493779636,0.45394063564117143,18.992329553609792,2.0585605246680125,7.635952444888625,230.55877876281738,0.7631737420560222,0.37073174818559224,970828978688.9575,171.67311394791318,0.16966846264032415,0.5388529926656925,0.09230274841365292,0.00978264018928428,0.011603116435004108,0.05959008370837236,0.5372703655254635,0.361839816399991,29.27487770516937,14.813793537555584,433.6719941615681,13.080749779649661,4.593086988720708,6.71895468151166,1.2096907437849056,0.0034488368748500906,0.07154569482989012,8.790814948025576,816.1375977634858,0.08370221333443036,5.307305127034633,19.48937717977786,10.822450113279585,7.494322529049247,0.0064914313657109205,19.50317252727726,10.98799428327239,1.7623556430483962,0.010947091258195546,19.84115854101257,10.794859418280783,2.3107207061495605,0.011967807657880464,8.297901520889317,0.09576890235083092,1.4746485317830698,0.5561668783612923,0.009465975417609575,0.16196700165457628,0.00019863205695350446,0.0015898175844328655,-0.0007255017794516648,1.9761904761904763,32.80955567553371,0.328
nliz,22,2,2,0.5473856209150327,-0.5686274509803921,1,3,ANGER,411,206.29127860069275,0.196078431372549,-0.12254901960784315,0.02777777777777768,0.18300653594771243,87,0,1,121.49565770201232,1.3806324738865037,2.2901109089893628,794.8057442751783,531.1487092470444,6413541.828641773,3131873.411926963,0.48956335787474975,0.10857778045854186,0.0007116561281595126,2,5.3977272727272725,3.7097530324785057,0.5196310612997594,24.31146743672675,1.8252798771036083,3.5724655444900493,158.79934930801392,0.7697821758882668,0.42658129125437727,726416093840.7976,89.45284087280609,0.2011081517287367,0.5596490245175517,-0.07170409453455377,0.006381365596843853,0.009039686945857587,0.12500197700691132,0.5677138062678121,0.3263915145226869,13.525637577768142,7.836282088706938,105.99071148900599,7.0948942809623965,6.216322364424043,3.6232971366683535,1.1462858961430276,0.00544577109933423,0.13787594601051004,-8.591246073851176,-401.4731461693857,-0.019918914001372856,-1.2743430384709051,10.613807872602415,5.914107413876974,3.997195986911325,0.029153540482179028,10.695494439092428,5.919553184976309,0.8931064602908138,0.028448160510243143,11.25096309122452,5.990348209267653,1.3614427748335576,0.03186806102954109,5.075458664579503,0.08014367088209307,1.3735180717215123,0.6846293049802067,0.007551377626321601,-0.23326884313813465,-0.007479871652397151,-0.009557932585051375,-0.005937728140493936,1.7260273972602742,15.631704605030215,0.26633165829145733
tgfv,22,2,1,0.45915032679738554,0.3643790849673203,1,5,NEUTRAL,36442,300.1421639919281,0.42156862745098045,0.423202614379085,0.5130718954248366,0.23856209150326801,76,6,2,244.7270109122079,2.9134167965739035,4.06854850507082,670.8557530720072,296.72086162720717,5334092.90485087,1474118.539343769,0.5167153342326117,0.12093392822249602,0.0002760361316322276,2,5.833333333333333,5.335936864527371,0.36039351250872187,18.557195614791453,2.5846811346260896,3.497370317021064,214.52853417396545,0.714756405167169,0.2598768495655202,686928502956.8823,97.60185886663402,0.10319810040645282,-0.2871568821392276,-0.1826330648233498,0.018818112699178276,0.020601149561255323,0.038010238236326335,0.7010363490711325,0.3013576497769848,13.172928207826343,12.329492757965518,162.41552293959458,21.56658476507604,10.818258758373569,5.048064533322209,1.5067956958967925,0.006975571294220516,0.06616955356176181,-2.9295316814258663,-50.943796826966036,-0.003411226528068919,0.6644589345169574,17.386611450844637,9.546069316140777,7.71498185140789,0.011851744223620906,17.81909687108631,9.800677668379825,2.16940267250258,0.012450213698004245,18.16787543579733,9.671629599436745,2.4344743816829597,0.012219737051689062,8.768293116835189,0.05918773101819799,1.479130296058228,0.3537912809552023,0.016318571247440523,-2.572693977653616,0.0010500838297548512,-0.0013530747711460575,-0.003663828378809744,1.068407960199005,18.042794385495586,0.03307276007215875
btac,25,2,1,0.24019607843137258,-0.5751633986928104,1,4,SADNESS,1331,250.24484872817993,0.011437908496731986,-0.6454248366013071,0.08006535947712412,-0.5702614379084967,101,0,2,126.68639803125576,1.2299650294296676,1.2499881342284505,880.2133487724477,386.6511592582116,6421311.112987602,2508608.3313544476,0.3065033166692908,0.09964449069310098,0.0008785428138279938,3,4.019417475728155,5.273087160701478,0.407390757619153,18.41719354011489,2.0186325732399437,4.54016068458897,205.90052247047424,0.8227962474229661,0.4115968841056157,940893403039.4622,110.00791971875758,0.24289210011887746,0.5864037022610934,0.16770590320480028,0.006268671905934523,0.009601898125733376,0.24003163688433535,0.8381650015919551,0.24492629257429052,9.109102858496913,8.18899145864874,74.59436550418404,15.331102539245594,5.519278229993435,2.752418005602572,1.6983373633515235,0.004336354692967807,0.07600118813779774,-4.049146695164521,-250.96059594628343,-0.01979369346274581,-0.9408632278243216,8.937227022206649,5.0431805079215595,3.5384654294617306,0.025247896907962985,8.833154509575422,4.999816960991882,0.8499255198216902,0.02474513607816307,9.17572653031988,4.973798832834075,1.2618792156536318,0.026584203182308384,4.1845822787139335,0.04761594629458352,1.4686818424961074,0.6197952271330888,0.007448186877268435,0.28303533689845245,0.0016323684942214848,-0.0003615785515820664,-0.0017356873518004996,1.1123595505617978,12.248891214983447,0.0531914893617021
gtuq,23,2,2,0.39869281045751626,0.07516339869281041,1,5,NEUTRAL,3098,182.58958625793457,0.1633986928104576,0.07679738562091498,0.03921568627450989,0.042483660130719025,71,7,1,168.71354574332736,2.135614503080093,1.9907106575325793,1265.4789490151486,592.5493628374015,8437266.363204706,3696926.0988618745,0.2592138926959349,0.06463774318895887,9.80256911453015e-06,2,5.443037974683544,3.912805447107274,0.31120634423379917,11.431135938159708,1.6222116152445476,2.0185942595501083,126.5325059890747,0.6929886231864778,0.3943269792960122,1067090835195.8896,123.74457641023582,0.22540991487850562,0.47648007946533094,0.19632088067196385,0.009961820172707731,0.009530859955703198,0.3087785315902305,0.8236743662558247,0.2676441173677205,15.534547467436655,10.565945908256518,164.13718825017898,8.945723369740591,5.753516031436781,4.358679838715387,1.0278812957741976,0.01367633582165423,0.07663908197654797,-2.069255156946162,18.474978340349253,-0.014834548812448082,-0.42529537296753217,13.334427426112875,7.364706839960803,5.367961809999285,0.032613746668839615,12.889946511909113,7.460441190712382,1.9488778545857277,0.03222115042864094,13.70368849329754,7.282648825030877,1.4496915970953483,0.03503032295213662,6.085969440636132,0.09012003825586441,1.4148637511623345,0.5298290329758534,0.011133274747344764,0.36181884672310344,-0.00081891707967345,-0.0012162492486221033,-0.002561801976272384,1.4702467343976782,18.787266377901954,0.19036427732079916
hxxx,23,2,2,0.16176470588235303,0.05882352941176472,1,1,EXCITEMENT,3826,261.7079288959503,0.5931372549019607,0.15522875816993453,0.2663398692810457,0.22549019607843146,174,5,0,262.7350949391676,1.4677938264757966,1.6884758558542003,993.8696570906417,564.9282162992517,7168357.608032223,3168455.442031648,0.2364636111592765,0.08653224822494865,-0.0007031912191603759,1,5.0,0.0,0.4653127103797594,20.666088567781085,1.1279686635799622,1.7010876154802064,200.77842211723328,0.7671850943310878,0.6648633105387449,900236530330.1498,139.65270610073955,0.14572838466693344,0.44013205255281246,0.18825981631611552,0.007371311345810504,0.008137573561990066,0.14440375308440798,0.6510122577679536,0.34698215682934763,13.28027453780863,14.200385937656803,188.58502379491935,14.551994745554099,5.436444254702122,4.78307032672729,1.3931917267454084,0.008265816567175146,0.11222106115767978,-4.178698179097808,-454.274882227012,-0.014483320564786717,-1.4030384112928715,14.047755255914161,7.786399206278987,5.372780768663845,0.016782218422484223,14.006426173078284,7.943449721055315,1.8556758193308203,0.016763317184227595,14.742083847556872,7.856658647099976,1.859808727614408,0.01858198703573902,6.406007839560738,0.07224980730302681,1.4773889004712575,0.5037096727934588,0.00921083683350494,0.3601546626536543,-0.0007567166564418504,0.000171965486014473,-0.0006193556038617338,0.9352051835853132,19.44265034860138,0.03348214285714284
kadd,22,2,2,0.23039215686274517,-0.630718954248366,2,4,SADNESS,7255,254.58183932304382,-0.20915032679738566,-0.25326797385620914,-0.16013071895424835,-0.5964052287581699,78,5,0,236.4850961908233,2.8492180263954614,4.007513289821813,780.6380562900233,526.2684586114069,6376928.857053393,2672616.257960566,0.25520405974854843,0.0930194328952627,0.00036650221706992426,1,5.0,0.0,0.4689649574399202,22.20489989300796,2.270683809024532,2.923031115882584,186.1960723400116,0.7313800263016554,0.30638477672802217,722020854135.2266,97.29318338894007,0.10210523284511269,0.28237670488705724,-0.07079711382292318,0.013635868690680316,0.01850253523528405,0.15558752642587548,0.7451336659015921,0.2573267712643355,28.370101495318664,14.522424927603662,412.0026691542617,15.058156308503282,6.245337214036758,6.6933352035929685,0.5739892333131433,0.008749363150050343,0.13539572021501034,-3.088649135854366,-219.96258692183983,-0.031583606940976706,-1.8006356158011563,15.691982809615292,8.683742926424966,6.597019815137958,0.017160183157995283,15.381380417788503,8.574375887049337,1.9248598930110754,0.017501651345144316,15.963213067266851,8.63562142909969,2.576687447689826,0.0190687410239662,7.747561069369579,0.09045602625959784,1.3516169948993926,0.32373511178028447,0.01459457010162083,-0.2897656098982992,-0.0018735822928543037,-0.0005865712888739856,-0.0022279384744360643,1.9535374868004223,31.87104461156814,0.32284590632820875
onxu,24,2,2,0.6388888888888888,0.18300653594771243,2,5,NEUTRAL,5353,261.89982748031616,0.2565359477124183,-0.5392156862745099,0.4673202614379084,0.17320261437908502,77,0,9,191.3075911037231,2.224506873299106,2.8402735849063014,644.2655438694381,445.91264215052047,5293601.097918029,2705771.800937839,0.33803338011774703,0.10373041462330658,0.0009547218405125586,2,8.662790697674419,10.713619310188058,0.441590273212529,22.6427434867163,2.099972823086907,3.6947018834639387,178.49768996238708,0.6815494751549716,0.3283698230250403,652970115046.5936,90.40805806002447,0.09104488753709972,0.7086736347795813,-0.008747637725782891,0.014067775292210778,0.016890506986093283,0.09874818500130816,0.6660260580490849,0.3396213390053513,15.534547467436655,12.60552617791997,195.82114476291312,7.9019544547781635,6.801041663627576,4.449221067249089,0.9769506318398111,0.008352681554681862,0.05271189635891208,4.35779989015349,99.50871997505817,0.004069377225070568,0.6436681500304584,17.05617573466036,9.296534570360912,6.393977730108966,0.014913648498277188,16.935061852117475,9.513704290782641,1.4826009759560306,0.014571288472396447,17.72021391825757,9.438530156790504,2.497451784849877,0.015404770300703512,7.838991639068928,0.05350943747778391,1.3942563001490726,0.7120279904174837,0.013928540770905856,-0.013996182906302631,-0.0006623910373284975,-0.0001072317498986443,-0.002171821324127818,1.232360097323601,20.00553561493089,0.1040871934604905
hnba,23,2,1,1.0,0.661764705882353,2,2,CONTENTMENT,329046,300.20303440093994,0.9003267973856208,0.5147058823529411,0.33986928104575154,0.9281045751633987,38,28,0,1689.7392462957403,25.602109792359702,61.71196281913113,2287.7336030152114,2261.463395470068,12500204.716973258,10472055.61969376,0.5432832660647556,0.15386145904777854,0.003634710460229166,5,15.136363636363637,9.096929824474023,0.3159289907930315,12.466044213680455,2.3927479303800143,5.19995275782758,155.52861547470093,0.5180780926650552,0.12658099900898612,1449128980659.8894,114.59813207732527,0.11180066657667004,-0.2893270572804013,-0.10330852879366452,0.03042283966090053,0.026075342366267667,0.08046743049170799,0.4559521760993483,0.42475426943581013,29.16753137518708,14.875134297545463,433.87094633377876,12.639036002097352,9.208107734207838,6.44527333688319,3.894566484744099,0.0035547522943828605,0.21367430124312056,-0.5008467964022002,-531.1491348051759,0.9259096946315852,22.813848536679792,40.53839516514214,22.288296885780536,15.448953471387911,0.010429167808805971,41.28844789925692,22.707757656517714,4.550082936810061,0.010468187747901191,41.40219997267718,22.682874390457034,5.470763781055222,0.01093078821538827,16.920620921262415,0.02870149665279277,1.5081571931284665,0.3447067127999851,0.030175082301425134,-2.8440725970056455,0.0015642943518745546,0.0002809543959935905,-0.010628380497078987,1.9608247422680412,32.741632624115375,0.3245125348189415
aagi,25,2,2,0.4362745098039216,-0.6356209150326797,2,5,NEUTRAL,36260,264.36222648620605,0.39869281045751626,-0.6372549019607843,0.6323529411764706,-0.6274509803921569,82,3,3,273.3311740034028,3.106036068220486,6.285859857212515,790.822506833342,529.9817052911258,6722373.292223347,3020816.7273693937,0.3889808300034662,0.1064162213782045,0.001815607985954156,3,6.056818181818182,6.407307537182295,0.5506283861488629,24.878363050535224,2.0850146995193657,2.4197503782665617,181.39627885818481,0.6861656495681305,0.3215285373019626,725434105428.0596,82.5502142108073,0.14295207683174121,0.41519543001693593,0.4767447534584422,0.011036753755545302,0.009582225435595858,-0.12231383223105637,0.591649664891423,0.38091688948536784,9.584493748418469,6.931505878856237,66.43497476302346,14.163713649357767,5.156828402708397,2.523246556665899,4.114266242719101,0.008029893790201097,0.07190804885744494,-4.475584141352232,-232.85608594445227,0.024569365122596328,-0.14940426363963955,18.492845398833126,10.001232715695465,7.809071710970567,0.013498267374360754,18.553069602259633,10.362577936254516,1.6742328552569288,0.0137197312630849,18.480800558147823,10.294323839037807,1.630068439410823,0.013419156074058476,8.383209116969946,0.044112635003064685,1.495194400121938,0.6358735277012064,0.011099364272638046,0.8579606253334114,-0.0008906955499900297,-2.899151102269804e-05,-0.0067849558785280295,1.3827433628318584,11.828283652419369,0.16063138347260905
jmzv,28,1,2,0.14379084967320255,0.3088235294117647,2,3,ANGER,10033,173.14026975631714,-0.008169934640522847,0.4068627450980393,-0.20424836601307195,0.4558823529411764,96,12,3,334.2846309003193,3.011573251354228,4.391417782122888,1981.2792994392964,919.8138829573604,13867769.856492141,7345524.794644352,0.42680204385778087,0.1186678132428435,0.0009805988995484135,3,5.45945945945946,5.861438780084697,0.33190630736827437,9.626799949146747,1.1710610129616477,2.2830224228238793,128.81671142578125,0.7440020256817307,0.5717907228591915,1535650980071.0896,114.33411880126164,0.26395297232992765,0.6214562250564792,-0.055726278068975274,0.009542394571766349,0.01126574641048357,0.22468531108751602,0.7748933266601649,0.2939480365844235,7.08485777883093,9.446477038441241,66.9269463283482,16.56151032253676,7.0973837398201685,2.987254713925118,4.994768912065642,0.006197450364584178,0.044816925890747455,-12.404953492357112,-620.7718056575111,0.007775305741058194,0.24342472837024198,18.635733246304625,10.262977803751399,7.2014373236468145,0.024376270191149237,18.462204636096267,10.231990551928478,1.88402491083359,0.02259157297358133,18.958000665263,10.300162505938903,2.9437889231774843,0.023941476078968637,7.04650106453221,0.05484982682613886,1.5067427959861373,0.6541661064880472,0.008783951878332377,-0.1297888335278106,-0.0017276982760397524,-0.004471053886077138,-0.0045837680503686765,0.7499999999999999,11.80809629805155,0.1428571428571429
feon,23,2,2,0.05555555555555558,-0.41666666666666663,2,5,NEUTRAL,13354,187.71370244026184,0.2826797385620916,-0.08660130718954251,0.12091503267973858,-0.3218954248366013,38,6,1,174.702724220002,3.882282760444489,5.395564523127835,1003.7805720642353,520.6405248836398,7105850.836359279,3434199.1783261453,0.39491142691079295,0.14876580666242556,-7.95748460023606e-05,2,5.777777777777778,5.159194118330621,0.4128998980273032,19.080921278850354,1.7919615344567732,2.464723810120747,78.84630751609802,0.4200349068347322,0.20776320264851944,882691723835.9286,122.74964300821298,0.20682283921580646,0.570269950327406,0.10421008842931541,0.01667273610361477,0.02957162808960363,0.35719461564360205,0.7018299699988463,0.33931206692016325,16.715357097241807,9.415806658446304,157.38857065451708,18.191945966149103,5.503077815884393,3.5879050485161854,1.110008963760724,0.026312175220865264,0.0881330424724434,22.211078210677552,464.22384798819087,-0.024111533759824385,0.02856295035843548,27.14539410285933,14.804983924273522,11.928186100125584,0.02776267728794983,27.066457577196736,15.155812927218392,3.025900150399505,0.028685137568047386,28.25050546213567,15.190895827512879,5.341371569835648,0.03299174340532943,13.699872564997179,0.16416282354729378,1.3183312049764633,0.6083992907557724,0.017379175536907068,0.1692114086497893,-0.0020251576985541326,0.0077740669418054995,0.006910893164184165,1.7752442996742668,19.184904949401073,0.27934272300469476
bujd,25,1,2,0.1797385620915033,-0.36601307189542487,2,4,SADNESS,16104,300.2888877391815,-1.0,0.2826797385620916,-0.642156862745098,-0.3251633986928104,158,9,3,839.7152720139533,4.939501600082078,15.98219772714938,1114.4675977169402,886.352492671016,8267529.606084516,4455882.748206157,0.2916990575428305,0.08892054652846507,0.0007341615485352632,3,3.7529411764705882,6.877766194053795,0.4397777817974617,18.313814185086173,1.2796382593685354,2.770002951125857,216.25886583328247,0.7201693924189294,0.5361503757669446,981839605990.3386,127.30301253394217,0.16100748105470677,0.5529287674973608,0.3612605050942537,0.012149508076314944,0.012792419625236619,0.17255694404724084,0.5719505899223295,0.3391110339106227,27.603341995445188,13.034911497849116,359.80711995548984,14.404396450731845,7.591074059534776,7.38516609032103,2.3337928168787507,0.00354509717509231,0.13731417324727807,-0.9822295199201468,-188.32496317764708,-0.03578022728144665,-6.0194712646672635,23.014770860699276,12.819071385133793,9.671025093651823,0.010862862909788589,23.77342165616903,12.819071385133793,3.474195231590464,0.012102107072449984,24.032213749950767,12.854522356884717,3.676265770570726,0.01342980668907045,10.319777876693715,0.045313271388766514,1.6451104071598022,0.6762699077351649,0.013037917963136969,0.5670183009666053,-0.001268059872212581,0.0003232342821452678,0.0005386925704910472,2.1176470588235294,30.526274045062674,0.3584905660377359
vupq,24,2,2,0.36764705882352944,0.5049019607843137,2,3,ANGER,15251,300.12465929985046,0.25326797385620914,0.3529411764705883,0.05882352941176472,-0.02614379084967322,88,17,2,378.62594617109534,3.538560244589676,7.169712301804966,776.6753744454314,385.95382342697,5640576.581446743,2335147.7477961415,0.67988164239657,0.10008111664461652,-1.9699042019584385e-05,3,4.953271028037383,4.999781635549628,0.5200818445719328,23.96081085399912,1.9311046240464695,3.720453220712751,204.69709014892578,0.6820402249733691,0.29987539247843753,979049085790.1278,85.03424863139168,0.17362206113898568,0.6928689675234103,0.09232338764889131,0.018713478524734373,0.0184493355888454,0.30261652815807927,0.6368342054128955,0.3489257499252628,11.363375788124934,7.897622848696817,89.74365626262367,11.085913024287603,4.130400908941821,2.8271543136729034,4.2189717016107915,0.0070407751551162,0.05516213360837073,-2.993598081334051,-312.0846777961939,-0.0045975960808544245,-1.56523002459363,19.44310059085339,10.779426762482903,8.547501038311067,0.01124327530546922,19.96059756475443,10.976568466826157,2.319935413610788,0.011295885156544474,20.333758647975586,11.011772342601738,3.337327423525079,0.011817084301867727,8.301073907882001,0.045366027630510855,1.4348028499003194,0.7047551935755649,0.019239971423745082,0.1319943892085518,-4.052427761882169e-05,-0.0006419796382251367,-0.00417472862462386,1.4388349514563106,13.838307554119542,0.17993630573248404
jydt,33,2,2,-0.2336601307189542,0.16176470588235303,2,5,NEUTRAL,4783,283.306884765625,-0.24836601307189543,-0.12418300653594772,-0.1797385620915033,-0.12581699346405228,192,10,6,148.0036811680879,0.711556159461961,0.8941793077951016,591.1060034178979,385.00659631121084,5820923.383445825,2226325.662195284,0.53318504635161,0.13583327818016816,0.0002773017954475203,2,6.009615384615385,5.858089725899254,0.6582949122863555,33.27360391453223,0.9924081984349495,1.4449029575125325,205.42849707603455,0.7251094418195381,0.6988887692009393,544021124272.3141,75.15610411025109,0.182055845958808,0.5690507750025436,0.2938858163874333,0.004043854311819628,0.004781858612584461,0.12817386016949545,0.6720206559500264,0.31372692875479724,8.986421338517157,7.667594998734774,68.90423931173761,11.294221886649703,5.508014870907016,2.7304816971787216,2.147961905485777,0.0038558591730189526,0.03591763914548807,2.429062969661544,245.1417866440383,0.0026788328674453897,0.4386162932425017,11.660118139209311,6.354455917135234,4.040940413323862,0.017475686783214917,11.690965012593464,6.58966332668939,0.9061269056594539,0.017453144858636607,11.81820836530309,6.454708255633727,1.1606136110787046,0.01760622628393796,5.136004418461245,0.04322759343980966,1.4243795563912718,0.6467277068568719,0.004880693640413323,0.46941402977817853,0.0001588757641173407,0.0006945554463594448,-0.00010134873288035783,1.1720000000000002,11.813034391636172,0.07918968692449367
rqnt,23,2,2,0.5392156862745099,-0.2336601307189542,2,2,CONTENTMENT,10574,274.05872082710266,0.40359477124182996,-0.4820261437908496,0.5098039215686274,-0.38398692810457513,175,5,0,670.2905498608015,3.723836388115564,15.39550550472598,1073.7557673850768,725.01868143681,7541175.880430723,4836532.23018359,0.6403688607855511,0.11774039198669754,-0.00017333364208273812,1,5.0,0.0,0.43277750571011314,19.30182699022218,1.0776481601779022,1.6510456639599733,192.89902067184448,0.7038601803645579,0.6385492841528786,970224673941.212,134.48105545150958,0.17736115626390864,0.4253322044073744,0.05928960900192983,0.009202275833632376,0.010282018455825628,-0.03840428486032435,0.6442272872402378,0.36399581899947453,26.56054907561726,11.746755538061674,312.0002769479659,18.18607204147767,6.46230887131678,8.821332076723904,2.1483652399853153,0.003870559867945552,0.20204259507332906,2.8471844460908278,291.10611249758915,0.05891656667118391,3.6878076907830186,22.76276258338779,12.621895729370445,9.718975828411281,0.012081430619543731,22.975643376124797,12.691565806993466,3.251270289074264,0.012309519286752686,23.82716654707282,12.660601328049902,2.9996838976578033,0.013592330464756065,9.757681427090738,0.0814005712236654,1.5236640487578506,0.4422570213360323,0.009542905283658965,0.12470667160469143,-0.0009680379234839839,-0.0007243133921053008,-0.0015365486764848191,2.2610966057441257,29.0421940092214,0.3867093674939952
byvo,22,2,2,0.49836601307189543,-0.5065359477124183,2,1,EXCITEMENT,3596,182.82256317138672,0.5490196078431373,0.03758169934640532,0.41666666666666674,0.2287581699346406,46,3,2,959.1486418130123,18.806836113980633,39.57863484570289,1148.9072506480402,1133.7085378347401,7640134.505541137,6118759.558072306,0.5066265175467499,0.14331678689673308,0.0016226653518984192,3,7.1568627450980395,7.685924361772408,0.3323690682710153,13.724899329961495,1.882965784072876,2.4337011413165683,94.1482892036438,0.5149708415114203,0.262549650149049,1010162382941.2626,110.79481942328884,0.09952536969905743,0.6828813475020888,0.10819598409620705,0.023590338724259006,0.059101603926253805,0.31578344159085675,0.6396652724240207,0.3735171074938293,26.85191768556918,14.215721127654271,381.71937356077916,13.84101166960909,6.83434153839516,6.4360485408537915,2.5127062136401945,0.01162078766450978,0.21038588602449482,22.486190563227385,283.2461090156777,0.6820005517221376,13.862707226245782,42.39263340013167,23.514663839135537,18.151670331964276,0.01572779649012349,41.94523307504805,23.38683517482593,3.5733922068367567,0.015305816030488821,43.21189893047961,23.39845596249044,9.563908247891549,0.019685743773584164,18.02965206148692,0.2079763434531167,1.6068148178800916,0.7274704585178449,0.022391592431746273,0.1476012266615972,-0.0006350873353407896,0.0011085057307535675,-0.006193678291931034,1.888888888888889,30.382761733782843,0.3076923076923077
fbeq,22,2,2,0.8545751633986929,-0.4607843137254902,2,3,ANGER,20530,300.1502869129181,0.4673202614379084,0.33496732026143783,0.20751633986928097,-0.17810457516339873,213,0,5,684.4392484489344,3.139629580040984,7.793303766444849,1747.60222372098,1302.1892158128694,12418256.537028372,9729534.810289932,0.43530370730429674,0.10382228431040177,0.0003218905173549894,2,5.802752293577981,5.239457894704817,0.2813034960098769,9.279053334998176,1.0174862844054051,1.252653969182261,220.7945237159729,0.7356132355789868,0.7263028206374756,1229803779427.747,124.73513752392518,0.2088362541065784,0.4918603322527281,0.16459309764995866,0.013138747301689537,0.012042441350163406,0.26288408720587053,0.7285439481563029,0.3366166530881327,29.428229605144065,14.660441637580888,431.4308426235446,12.812204473820719,8.241254604246683,8.380076459174004,1.5864402375287723,0.013561570557609105,0.0512549517270672,11.527307285407657,1001.1751371655596,-0.008360505013132588,-0.5160209836200562,24.834626083621675,13.775165293891448,10.361039906013358,0.010236929711667708,24.78377019403064,13.829411576121885,3.671795228472666,0.010228743316747885,25.15332299172549,13.788726864449057,3.4683716701085294,0.010657783589590497,11.571410078279971,0.06527751194763072,1.624205388686081,0.5469394701268496,0.0131871713771282,0.2852005108404345,-0.0010878985970281538,0.00038889720164530936,0.0019231744327963829,2.0073221757322175,32.8777926068949,0.33495652173913043
jshj,23,1,2,1.0,-0.5735294117647058,2,2,CONTENTMENT,85502,297.6564178466797,0.8251633986928104,0.35130718954248374,-0.5375816993464052,0.5245098039215685,71,36,4,332.02489105958006,2.9912152347709915,7.96124217288613,596.3476529470831,352.5536786201138,5487861.843965739,1852291.912315765,0.5870463720052691,0.18573661812127024,0.0018316416504210575,4,8.783783783783784,7.890472536809913,0.5534727775006655,29.32104232530322,1.7870052446018565,2.4308402837045873,196.57057690620422,0.6603942166886388,0.2519683618534705,532762653535.164,82.69518672076951,0.15070382535983162,0.4149789540806502,0.22560258115187024,0.011893086252487453,0.01930673398914059,-0.11040576022808236,0.5676226696332597,0.3130347524953187,9.59982893841594,7.376226388782854,70.81051154334494,14.044819637612333,6.579506755968427,2.940169046753473,4.6889209500532845,0.0034619401249776608,0.14819860426765188,-3.119021944456501,-95.80189204231647,0.041834032919234244,1.8451185531926817,21.42594743348674,11.98869865279764,9.208760732440577,0.010954066618177204,21.564425038485847,12.006008353422528,2.1671745182360156,0.010609961415201475,22.073330236857565,12.147947898546612,3.295766998978733,0.01089015375893514,10.056936063060105,0.0442563102338697,1.5539452684915265,0.4975106253127868,0.015383369085359862,0.4968715494846509,-0.0013175016099002087,0.002066512613070581,-0.0017196349460440517,1.3014553014553014,12.106421080791161,0.13098464317976516
odjn,22,2,1,0.47549019607843146,0.011437908496731986,2,5,NEUTRAL,0,153.9050431251526,0.7156862745098038,-0.28104575163398693,0.8088235294117647,-0.36764705882352944,58,0,0,166.41003113341625,2.8691384678175216,2.6630275323858292,744.4466680650253,229.23232469149903,4599356.59455284,1189096.2757256846,0.6904388695854302,0.13128503595514857,-0.003249374772836489,1,5.0,0.0,0.3940036334402903,18.320348095207972,1.8430456278616922,4.193700494985626,105.05360078811646,0.6825871242093666,0.3768557470390072,606987393152.6716,112.34407148400057,0.20384787324559914,-0.3856488153352638,0.29943989244119973,0.018416389401741604,0.019481299602437895,-0.19785528917247247,0.5984673957763641,0.40350234942979035,12.022788958016127,7.989633988681635,96.0576832977119,11.37029448355921,4.342880751537221,3.7771645106425225,1.7323968830026961,0.006887767701939002,0.03327558510730356,-6.238443678635324,-236.49423188712842,-0.030056917013960512,-0.7583207329741493,22.97070528596657,12.480635075913472,10.331651552908504,0.02236085563552659,23.879890622622522,12.97655435045308,3.485210457181135,0.025620273809902033,23.40463465118873,12.962778815049202,3.471434921777257,0.024053729930526818,12.21201213553785,0.04882424966412721,1.487874696589143,0.5353059776462596,0.02160472098013054,2.537194494637548,0.0010628456420863775,0.0046195005022641195,0.0052462084551161,1.504798464491363,14.435432297028424,0.2015325670498085
mtap,22,2,2,0.488562091503268,-0.8006535947712419,2,5,NEUTRAL,110206,296.7677671909332,0.130718954248366,-0.8071895424836601,0.33496732026143783,-0.6862745098039216,76,15,0,470.65166909045786,5.171996363631405,7.992986388705628,1114.543595130456,851.464338618259,9007710.123897636,6549860.966366543,0.5586890302974472,0.14307172295819182,-0.0018229807381853484,1,5.0,0.0,0.41083598921916176,20.380466525507444,2.2926330619388158,2.6051937000672805,206.3369755744934,0.6952809515924995,0.2560925019566004,919145766374.2643,106.64060319837517,0.12429927668444916,0.6310251072448279,-0.13297750945952036,0.01946734969273815,0.02933078479984521,0.13411227200342743,0.46732112676208193,0.4378200357974419,29.412894415146596,14.154380367664393,416.32129526593667,13.011917437595944,8.921061380238541,6.288184015768929,1.1305010683871364,0.00351093970871719,0.14696496600825826,-0.5350502540738994,-209.4564347271371,-0.11812119888150413,-2.615859299087544,22.694714277147916,12.572675096916258,9.809565546155829,0.010657451510547929,22.915903478797098,12.527032880702935,2.4681906152281847,0.010800048413062351,23.56542732490978,12.590229795459845,4.069179122403224,0.012753035912407633,11.203408610516554,0.06622822766078329,1.488899715134906,0.6929178897801155,0.018017839984432613,-0.19894402657805632,-0.0008016387096610909,-0.003617465940330846,0.0016172526315970648,2.078006500541712,32.64145893597719,0.3502287926786343
fjxq,19,1,2,0.8333333333333333,0.3431372549019607,2,1,EXCITEMENT,45166,291.03593587875366,0.5392156862745099,0.4673202614379084,0.7238562091503269,0.5555555555555556,319,17,0,427.4163629779765,1.2720725088630254,1.6756810655450654,1954.1617158294964,1274.118033896638,16554588.598420648,12280990.666694893,0.40752122265295876,0.13263224935843512,-0.00013114317936171105,1,5.0,0.0,0.2515027703615144,7.143422895085334,0.6217716010648813,1.2082552786877527,208.29348635673523,0.7156967943763166,1.0960845746997245,1505756832590.715,603.9501533462565,0.04236779315176659,0.4818537762934224,-0.20306887543343446,0.003603006150864264,0.005187259962052399,0.09150979698631238,0.9464844987267171,0.12749802462203397,29.320883275161776,14.27706188764415,418.616065119875,16.092242041847467,5.815911874314422,8.327419956826395,1.0210223605622528,0.01610284430694979,0.043714905555392154,-3.9558596891996136,-800.4873289019599,-0.008403499315027794,-1.5082181231862706,17.435354673349885,9.87104356016022,6.268032146480206,0.01423287563153282,17.874157180714267,9.883120693390433,1.5498987645439173,0.014010113144259687,17.640665938263496,9.774426494318522,2.016881249445461,0.014009017378561125,8.313093373462829,0.047702359192131394,1.600856288887555,0.5407792268638982,0.0035804637320436313,-0.40252747899067115,0.0003392716211178146,0.00039913479789947207,2.3483604067566484e-05,2.053705692803437,32.612094262394166,0.3450580372845585
thor,19,1,2,0.8022875816993464,0.46405228758169925,2,4,SADNESS,38996,253.49570274353027,0.3480392156862746,-0.2777777777777778,0.3251633986928104,-0.36764705882352944,85,11,3,420.9900678619286,4.252424927898269,11.03699712087262,862.5616751219998,597.3928371207364,5222739.984470731,2722601.0879620407,0.5426007798469924,0.1369376353055807,-0.001187553747679526,5,6.96969696969697,7.1498457219416,0.5589198238742273,23.049302622269025,1.6307831224130125,2.5153891693498998,159.81674599647522,0.630451499835352,0.34714592416200607,1930873347559.036,155.99965913680603,0.12489266141308389,0.5389724729267925,-0.005516942889460761,0.016020348211442395,0.019976129517478184,0.11191492082141115,0.45790866523104357,0.36414469899770213,22.190019926338437,9.768516028388103,216.7635653206884,13.65638039820727,5.168852716389177,4.238057026204706,1.9421624996760853,0.008444152903155656,0.07371181991907698,4.621135457063556,119.09908060582404,0.0855268236103208,2.55342481037999,26.392199898813004,14.688603975039264,7.962836187675783,0.01239696309475356,26.78485300880974,14.730824739555041,2.9976742806202576,0.012087435513855752,27.333722947514858,14.62105075181402,3.698538971582177,0.013739433736284749,10.056986107658386,0.06454097554009093,1.489269305803055,0.5480707469315674,0.015358677231336035,-0.033014749696353936,-0.0015178262054490973,-0.0005039607451828048,-0.0019758045949287055,2.271585557299843,24.24501783311722,0.3886756238003839
jfyl,22,1,2,1.0,0.24346405228758172,2,5,NEUTRAL,0,285.74718022346497,-0.08660130718954251,-0.4084967320261438,0.3137254901960784,-0.303921568627451,225,0,0,933.545651915905,4.149091786292911,5.361356540471848,2070.370797521261,1201.3524604060892,14648275.82368966,8667102.383967048,0.3794047768093378,0.11733081984667194,-0.000474701487572656,1,5.0,0.0,0.2832627814286089,8.184872734279413,0.8231305884463447,1.3459950394127744,184.3812518119812,0.6452600920428617,0.7874093449462619,1385763617696.1375,238.0074961076665,0.11379564852275438,0.44285549737066365,0.25062635769976666,0.016977723956628943,0.012738350178926727,0.02271567712519464,0.6526375046132511,0.3648408595427521,28.9068331452301,14.875134297545463,429.99302515203624,16.661354689226794,7.327623730161841,7.926597829644581,2.171071615838009,0.0037154664770445624,0.07503368941673796,4.538556740656752,314.5786946389562,0.01816440726170858,2.1274431405500622,31.001852284459826,17.039129263726362,12.658594287290821,0.010908681378014365,31.9084261048587,17.217471654624504,4.930424015038133,0.011696231247127202,31.789531177593272,17.310358316550616,4.3396648451880475,0.011317216580929577,13.000417203178921,0.034593604393750026,1.672090315150216,0.5768358331968454,0.0160025155393972,0.5091111014891236,-7.040572284644642e-05,-0.0002330314603507559,-8.661022089877357e-05,1.9432989690721647,32.50960816214472,0.32049036777583184
jtab,22,2,2,0.8398692810457515,0.6258169934640523,2,1,EXCITEMENT,2325,297.11058044433594,1.0,0.5,0.7352941176470589,0.4509803921568627,54,0,3,1379.0658707288576,24.194138082962414,79.98860045681838,665.61354112358,691.7994062666548,5858047.641488333,3161630.4178484934,0.6281533297232808,0.1287617600778016,0.0016445278428791866,4,8.894736842105264,9.56911004409559,0.6771884362503191,38.39098859007875,2.512669401509421,3.4047969074371167,140.7094864845276,0.4735929843834346,0.19184776225321612,467221948037.5239,69.97697221543525,-0.012875273662552538,0.382857905698561,0.09619608842542818,0.026767361787867046,0.031228058818163654,-0.11958554878591392,0.5310186201809397,0.3394654293901222,22.328036636315662,6.701478028894193,149.630846946614,15.248229098384435,5.998254234529538,6.612523053445414,9.216454353298468,0.003592632354831369,0.19227517198012617,-17.84673151329841,-576.0532932726003,-1.3441986726181439,-44.20260273502483,36.33229100440963,19.673254775056577,14.762126346002095,0.010439628431322906,36.468811033893225,20.129519084120158,4.002192443282145,0.010576775699130389,36.95740903415029,20.16544540766847,4.587791517119658,0.010735405453264062,14.542975772357382,0.034380064887608704,1.7547422681041343,0.41999357702322826,0.021111234372190164,0.24540196731916117,-0.0031146192429867083,-0.0012144031579657494,-0.0011502175789902575,3.331807780320366,23.312036114514022,0.5382989963021658
oyzc,22,2,2,0.7761437908496731,-0.4575163398692811,2,4,SADNESS,24838,300.2211318016052,-0.7826797385620915,-0.0016339869281045694,-0.3856209150326797,-0.1568627450980392,140,12,4,576.5773518243773,3.69600866554088,11.255036801841026,1251.3184083412598,816.0552115829236,9479649.341897735,5600896.441925977,0.6828593921819905,0.12165336623994681,-0.0001919961012669127,2,5.897435897435898,5.532166412920876,0.4142098704937199,15.763088272743826,1.4139224667702952,2.4404744658983875,219.15798234939575,0.7299885289028277,0.47964644972146514,975482229673.2343,101.70690135382848,0.18686825364009188,0.5142536279509806,0.1551034803995838,0.008507982652189171,0.010581972524039921,0.1533353740540871,0.6751023401454275,0.35686646519948606,29.351553655156717,10.22857172831219,300.2244718991743,16.3802545020944,6.706164667001528,4.80740308010313,1.920487521143885,0.027684158369815103,0.03045144023720412,4.443050526051144,631.7547809572412,-0.006263366823257998,2.102825787503971,21.91547186950488,12.271003197420544,8.31908959012944,0.01055712226148405,22.386102561791738,12.30906891517904,1.9586542046644189,0.010751163120394822,22.44147087853137,12.30906891517904,2.5504030898192167,0.011241596756507143,8.564786495661549,0.04860424467362462,1.3986112211898665,0.5475239046522044,0.008305716645003108,0.2891819634254397,8.29448001141865e-06,0.000411564989563535,-0.001154150709162895,2.869565217391304,31.08275054709237,0.4831460674157303
nliz,22,2,2,0.5473856209150327,-0.5686274509803921,2,5,NEUTRAL,2141,196.720228433609,0.19117647058823528,-0.16503267973856206,0.5506535947712419,-0.738562091503268,41,12,1,174.80876379047535,3.2371993294532473,4.121248088026282,696.5922302324055,435.0834156909912,6263625.47584743,2819637.8853940824,0.6361339366221926,0.15696881408118785,-0.0038478045796571914,2,5.648148148148148,4.71858974305219,0.4612234644535641,23.589709813047634,2.1403121048549436,2.4957568791649263,113.43654155731201,0.5766389275803208,0.21350117542271232,713599904432.4907,213.54105389134816,0.1547328029817864,0.6643428211079977,0.20772845352702177,0.017826561320101946,0.023062522282613466,-0.0888470696096405,0.6414221632720514,0.35127576190901344,15.028486197520158,10.259242108307127,154.18087842171127,7.757033501995338,6.54173391420158,4.049514607778943,1.1337901663288183,0.005973936669093418,0.1518551393868788,4.486758296936667,347.18090196600303,-0.04537249951863877,0.1434271304405903,19.89320910808108,10.992043471131888,8.28585016003257,0.018787846000170312,20.233723498219405,11.207105191219252,2.2641219975864053,0.020639984576610492,20.855012911805122,11.165287634535598,2.771906614459346,0.025652832295243743,9.713621023945898,0.1380667421601243,1.3183930351267574,0.7108537829343915,0.017500856647434185,0.30358946336137443,0.00014772374875302017,-0.002100961791122582,0.006222123023951743,1.4648729446935727,18.19635804291386,0.18859915100060645
tgfv,22,2,1,0.45915032679738554,0.3643790849673203,2,3,ANGER,4053,300.2011332511902,0.2107843137254901,0.14379084967320255,0.357843137254902,0.36601307189542487,145,4,2,241.19896486268738,1.5973441381634925,5.156168223434009,691.6108539869206,187.49539985794598,5371724.485513788,1719984.2295585035,0.6455682925911503,0.1041827654103153,0.0003163516967042339,4,5.509933774834437,4.681749191520511,0.5561645961039274,27.45398977729511,1.4820123275121053,2.803734161448704,222.3018491268158,0.740509693348849,0.4896717024615602,766163222039.0823,107.86527547862761,0.08041320217563461,-0.2146200754731742,-0.3041584712699273,0.006333870381492057,0.005101428513108674,0.14687991206237141,0.624189806514263,0.32968072009301097,14.108374797671987,9.737845648393163,137.38517612940993,13.827323913131869,5.218916135767408,4.731059806329685,1.7556403948231656,0.003596948454168132,0.051424007788823764,1.4849049497425226,102.31930457992166,0.0025758537511307604,0.18281759392127128,15.909303012785646,8.906044372520295,6.366598763877593,0.013351625658106492,16.035196208681533,8.942013857061976,1.3524526187672175,0.013270746150846162,15.84455794061062,8.942013857061976,1.093472330067112,0.013425981583081963,7.7837964548198375,0.05261911409410671,1.4221969158874277,0.3788513620932937,0.005505316308260887,-2.1913646106910867,0.00029681674698194357,-0.0009166867725720582,-0.000540537325660072,1.4488188976377956,17.14269165864905,0.1832797427652734
btac,25,2,1,0.24019607843137258,-0.5751633986928104,2,2,CONTENTMENT,12987,300.1539649963379,0.20751633986928097,-0.488562091503268,0.25,-0.2663398692810458,110,7,0,818.403638573172,6.994902893787795,11.938145900961414,1290.9971755003355,668.3109079091366,9119485.059102835,3866860.664442575,0.24655749165116334,0.08692783042765308,-2.6808670656399357e-05,4,5.102564102564102,2.985390682631361,0.39630334114117993,14.541149592262174,1.5948315797180965,2.334603882841918,185.0004632472992,0.6163518887700062,0.36647858375398135,1104868252644.1318,115.32708096606905,0.10733241692387897,0.44244674207406537,0.07628408804371185,0.01586601053509937,0.020772064814018727,0.27985663684693174,0.490979178522083,0.379357208910196,26.95926401555147,14.537760117601133,391.9273132051635,13.204511691311474,5.3884719256944145,9.442593430695666,2.0881515806599564,0.006793538227393303,0.037600556930830566,-6.841883656538116,-358.5215278095686,0.011862159911978684,2.486698500551954,30.272006341264557,16.793626498116247,12.500110338403676,0.007571295892305466,30.224451573672805,16.793626498116247,3.3050563476268415,0.006068844396689159,30.835870014138205,16.78683295988885,4.038758476185318,0.010247410888765587,11.96002404932591,0.03821301371107,1.590590505208943,0.4679765069722384,0.017476484432508745,0.1447474907514768,0.0004393170829659564,0.002079399925406342,-0.004261038664248409,1.8544303797468356,30.629208045542452,0.2993348115299335
gtuq,23,2,2,0.39869281045751626,0.07516339869281041,2,1,EXCITEMENT,0,263.0155131816864,0.357843137254902,0.24183006535947715,0.22222222222222232,0.16503267973856217,68,1,0,2316.439314214113,33.57158426397265,120.54924507689483,1749.406133469519,1022.2116387197572,10668080.723715058,5465285.003457501,0.30298301445271886,0.08508613419674343,0.00037186680698334884,4,16.507246376811594,9.721667400978111,0.3027808761846055,10.21087740362421,2.1521698376711678,3.9344079791090767,146.3475489616394,0.5564217379852615,0.25853988298031233,1151522444764.503,121.79003601941493,0.10930634235569583,0.42430051518880174,0.08559319415284987,0.019890962221631864,0.020436794467877287,0.18462384786682348,0.5755443191805402,0.38278143875715126,29.428229605144065,14.890469487542932,438.2001550078053,15.223701422864323,9.133009277455791,9.456122480991695,5.286258545875805,0.004071140163049867,0.18838663154718138,-5.1202599232265715,-101.52409903387343,-1.73870904122377,-55.9548299311154,41.69661754995674,23.201427789221192,17.277918851983635,0.011926694799307793,42.79989653414325,23.083364724492746,6.171848487183598,0.01254349571601821,42.05080674414208,23.16478752775374,4.974933279246938,0.011654890174109844,17.021437021711495,0.04815105948796665,1.725424680176689,0.45674856697959504,0.018836059577548903,0.18938377567532033,-0.0028367369115972997,-0.0010561180808763076,0.0036638557291165347,1.976313079299691,32.98100634080962,0.32802768166089963
hxxx,23,2,2,0.16176470588235303,0.05882352941176472,2,4,SADNESS,444,147.20065116882324,-0.29084967320261434,0.008169934640522847,-0.26307189542483655,-0.07843137254901966,80,1,0,103.38596453026373,1.2763699324723918,3.0650687659567417,740.3876655125508,580.3698441854094,6129568.649037486,3464599.605270417,0.1789623561830168,0.08394140151078285,-0.0010151755159714332,3,2.54320987654321,1.352175957540056,0.527199863939958,26.90173790840086,1.4743823140859604,2.836536531946133,117.95058512687683,0.8012911912434426,0.5434758566947414,782678283856.3384,91.17937689318802,0.14255440442134842,0.4605529387863601,0.183091036967027,0.006700761788221114,0.006185289093467683,0.20316053138090456,0.6608770328315086,0.30919804483616004,25.83979514573619,10.044549448342554,259.54910007638904,16.643304661124954,6.530127941856599,3.753748567413306,0.39832911961488504,0.0071555465207263445,0.10554024793331056,-2.5192032706206557,41.53989386436558,0.0003221951734791992,0.2888158005273809,11.11971929320874,6.268258752156278,4.214616900707816,0.03818495684916901,11.377318967954887,6.182392193907561,1.2951539202514684,0.04037722571110391,11.348696781871983,6.175236647386836,1.187820722440573,0.039058406837136406,5.001727017987714,0.21243766863058758,1.1728667580523673,0.5028359509198858,0.006859981041104451,0.37309116670130066,-0.0005152156068350943,-0.000332391706448774,-0.002987811444683722,2.572519083969466,27.72341946430509,0.4401709401709402
kadd,22,2,2,0.23039215686274517,-0.630718954248366,3,5,NEUTRAL,1998,138.46958875656128,-0.06045751633986929,0.009803921568627416,0.06699346405228757,-0.10947712418300659,42,3,1,179.12734502252624,3.8940727178810053,6.131940079831255,1018.1484890724257,841.2818704389458,7419653.380549109,4764899.369233305,0.2978992453490417,0.08827729598042482,-0.0020555936672620382,2,5.760869565217392,5.104068209510389,0.489111281757478,23.703457038659188,2.3630986902448865,2.981320841650044,106.3394410610199,0.767962424211223,0.31053750058864443,823065299479.3887,99.32732133963007,0.22111944442822445,0.3802094308421594,-0.04264929339155512,0.013718390023202237,0.015479099637957237,0.2673100906153421,0.6393891249924017,0.32818402761215204,22.92610904621698,13.494967197773201,309.3870895512696,12.959216115299107,6.3444851275156,5.701599835505097,0.5789748540649511,0.015187004556719808,0.11895377206181168,0.7374723064057762,-113.39818813926968,0.006217125272136442,-2.013964573394432,15.247752574946688,8.345259003917535,6.317793895595441,0.033595794611264794,15.10347603165785,8.337665501639174,2.019871606043735,0.034389345541669586,15.70336271164828,8.383226515309333,2.057839117435534,0.03819216551047398,7.282168684947149,0.1988486692713919,1.3219090256458306,0.3963801820719352,0.01400046525757512,-0.11061428570018333,0.0012698810340322291,0.0018867276405499756,-0.0006327206664204695,1.698863636363637,26.60301892019037,0.25894736842105276
onxu,24,2,2,0.6388888888888888,0.18300653594771243,3,4,SADNESS,5080,300.20698642730713,-0.5522875816993464,-0.23856209150326801,-0.6290849673202614,-0.19281045751633985,107,0,11,194.9920813551303,1.6524752657214432,2.3755598681329175,498.820229020663,179.89269358607729,4861764.1252386235,1199236.8654731838,0.43164391582177514,0.11985238804912628,-0.0005084744834611297,2,8.26271186440678,10.175933693971109,0.5930344638112711,32.324802367832795,1.774281715735411,2.0787600017862644,207.5909607410431,0.6914927704099574,0.393062138240986,461009253436.7633,80.38950782568057,0.08590373047864389,0.6891418363060569,-0.0054755288435548895,0.011717178948551205,0.012235587224744918,0.15605401051635065,0.6460423198436149,0.3404750009035897,21.82197536639917,11.21002388815024,244.62486514396076,11.498905132914965,6.5867419391521915,6.282374653099291,0.7971065461410811,0.007020832391591973,0.025887267541789757,0.49712531587522457,13.491579979729693,-0.004893854157250625,-0.1245279622535369,16.295351980884966,9.00070712602091,6.143228342642976,0.012320828036591534,16.66394568144355,9.2710091730972,1.6077706176745616,0.012153024761677865,16.965841474282,9.313134167446751,2.1659267928061237,0.012636480737261136,7.424530254108511,0.04007632665318426,1.3247278383423229,0.6960722564038578,0.011588842231984494,-0.007967792815393207,-0.00032528839848008906,0.0017438749571060859,0.00048286747197405234,1.9466484268125857,24.53290126472267,0.32126276694521827
hnba,23,2,1,1.0,0.661764705882353,3,5,NEUTRAL,1,287.58570551872253,0.6372549019607843,0.20424836601307184,0.8905228758169934,-0.5179738562091503,73,1,0,372.8049526289176,5.037904765255643,12.306782721786652,732.7969507466473,539.4564472369759,6519292.10449716,2944702.390180036,0.4888288188505838,0.17694763713400405,0.005132936774392138,3,4.702702702702703,2.077743902030548,0.550701732896076,25.72386129867601,2.0177654860770864,2.923294038483586,147.29688048362732,0.512184290307287,0.25383737299574344,870064199003.8184,84.63696774083913,0.22253792075926326,-0.3578182231706594,-0.09797337205699076,0.012694233282829178,0.013547932667227421,-0.22829337559105423,0.5944154337700394,0.3737648643408544,16.608010767259522,11.59340363808698,192.54337245053426,16.545408107507257,2.110899805413118,3.568466043644023,1.9362128536763517,0.023128740094199497,0.020302934449542245,-3.3487576973623545,134.313531842697,0.06110452494527917,4.947488244212203,27.126157340480308,14.829377190397578,10.427206992468273,0.011623394891049438,27.153140870590207,15.10306728151227,2.3668410696397486,0.011319175412621457,27.218672300857108,15.13390560163787,2.29745484935715,0.011806738637222659,11.764819127916144,0.04479297525213802,1.3438559757985682,0.41580746494975446,0.012273346135711828,-2.8721924413388105,0.0035612629672707725,-0.005822229979900121,-0.005635616997150736,1.4325396825396826,20.254210168777668,0.17781402936378468
aagi,25,2,2,0.4362745098039216,-0.6356209150326797,3,2,CONTENTMENT,544,300.2276372909546,0.21895424836601318,0.4084967320261439,0.4673202614379084,-0.48692810457516345,160,5,0,358.27527980576366,2.1713653321561432,4.407192229098705,931.7554694125848,424.9203761678756,7135736.367401108,2958088.1657320126,0.29960495758872674,0.0751315863756298,0.0002872270437098753,3,7.848484848484849,6.679326822010208,0.4503589681836916,19.503981564728996,1.3181245748589678,2.0916940309032728,216.17243027687073,0.7200284165290725,0.532928951657245,920451971751.2006,95.4260142344155,0.21302467985201176,0.43062846227139345,0.41890832845278364,0.006391541519686903,0.007543826367789411,0.11569466272155447,0.6364332246986425,0.3517894120114801,10.381923628286884,6.072735238997941,63.04667346608313,12.444953959321465,3.866678943706301,2.8408295440959495,5.68269918314569,0.02403584474787363,0.021187383500581688,0.2863036904825241,140.15931693666278,-0.005794196243133218,-1.0471930213523235,19.668188387974308,10.963778897137214,7.876889693088873,0.01137547463995031,19.747163306431606,10.960345205030375,1.486788682261326,0.01093111191077048,19.73342853800425,10.994682126098766,2.015577266714546,0.011088478105981327,8.155018753742839,0.05170633379550473,1.6269650005927183,0.6082404964400135,0.0079273375912971,0.7643084057849437,-0.0006094454121128763,0.00040322962191468,-0.0012749645970762083,1.7095959595959596,12.027570473979726,0.2618825722273998
jmzv,28,1,2,0.14379084967320255,0.3088235294117647,3,1,EXCITEMENT,51723,226.89444375038147,0.33823529411764697,0.1895424836601307,0.30228758169934644,0.009803921568627416,99,14,3,900.4113371251473,7.762166699354718,34.87199025274613,1892.860191987161,1065.3543364644893,12056632.35327633,7419470.328599041,0.41277040525204717,0.14357118948316794,0.0020665710413091945,2,5.905172413793103,5.555330537786802,0.321458681378226,9.540807848213033,1.289665821324224,2.194310941861006,148.31156945228577,0.6536588864884286,0.44954824945918714,1777228877836.1208,123.57407279217007,0.2123851977236733,0.4642713671083176,0.3311463172979073,0.008653659679872982,0.011854875603180237,0.07216805858306692,0.6862275727175613,0.37811021097106273,16.623345957256987,12.344827947962987,205.2123457618036,11.663611555939154,6.4593530644366615,3.96840604732658,4.3877054949232095,0.004708429620372793,0.15118531844547423,-11.111025157257863,-551.8299724682192,-0.05561970733477759,-10.529279095815829,29.253473231376162,16.14991359787868,11.21077092610762,0.013457295349515485,30.265785599756313,16.47008681206403,3.0510623940015695,0.021875828637479774,29.870277511645,16.36650136041583,3.5689896522425766,0.013970484979628354,10.918848289644506,0.11090742836497888,1.4533911621102027,0.5858112587500914,0.009113108679283501,0.6125864219893817,0.0010238360580927047,-0.0015086258173613032,-0.0015872708377555043,1.3465838509316768,20.705806139328654,0.14769719428268915
feon,23,2,2,0.05555555555555558,-0.41666666666666663,3,4,SADNESS,263183,300.1867365837097,-0.5849673202614378,-0.5294117647058824,-0.2777777777777778,-0.2728758169934641,35,68,1,276.7796539266741,2.66134282621802,7.617391590161313,580.7526533500821,351.23363094819274,5679875.5606578095,2014900.1161855715,0.4784595597175972,0.15129419473151726,-0.0007625756323132666,2,5.336538461538462,3.415492353636804,0.7088706131597087,38.88452357456781,1.9406292068148123,3.675221449798382,199.88480830192566,0.6658682211503573,0.11992535183166257,542475843650.5241,190.34000604741783,0.13872449017834163,0.6422371217246005,0.07720912967216037,0.014682841842539648,0.01813583853864562,-0.008699972332828931,0.7402296282967313,0.258128629400816,7.483572718765139,5.934718529020715,44.4128976773294,15.394274888915463,4.860995843616137,2.3584720542647823,6.231965676672263,0.006831845447922166,0.0629950520942813,4.783274789073555,289.4244915432204,0.013336171083568524,1.575632004663771,18.3537527958429,9.99840581303409,7.866870033282375,0.011042489387050049,18.54504446838472,10.357077699050004,2.2032701569548987,0.011256276020679867,19.190653863213363,10.31608662636247,3.12215336970043,0.012559422692310465,8.66961187341323,0.08438528677064164,1.3296457191358897,0.6662149689180408,0.01292342977526487,0.12201709248984977,0.0009655709532641973,-0.001676920095053835,0.00041194406391822697,1.2609819121447026,9.551164570655647,0.11542857142857135
bujd,25,1,2,0.1797385620915033,-0.36601307189542487,3,1,EXCITEMENT,118515,224.63910508155823,0.5637254901960784,-0.31699346405228757,0.5915032679738561,-0.4934640522875817,129,48,0,447.19221756694503,2.526509703768051,3.9522297099415513,1456.2859154783216,983.9125011792516,10882483.946956886,7403106.9794301065,0.21006446395286438,0.06292125696567193,-0.00010360242069417203,2,2.23728813559322,0.8096658245760127,0.41410417441630487,16.330124190680607,0.9163600626316938,1.8292009375770446,161.2793710231781,0.7179487781729876,0.5742544244608027,1296265114272.5151,181.07105736625394,0.1279108306841229,0.5199519679095332,0.24612114975552185,0.012005285086627168,0.013835843218696811,0.16838593218030645,0.6722549479849681,0.3337624501499386,27.296638195495795,13.525637577768142,369.2044353237391,14.353852311585001,8.881301850913374,7.939210385787908,1.211231975517363,0.009719569439219115,0.08066214183962796,2.753889841039557,132.90977674990313,-0.0045852224520079405,-1.2310358660383907,21.65520071058019,11.945350840800293,8.703874432820719,0.015673220354153312,22.29183250884904,12.032826965753264,3.3678308106894237,0.017390868422501142,23.06939806398657,11.950210625519903,3.8635288520895985,0.022975327410746448,10.040315230713347,0.06172500193843665,1.536935570148699,0.6104139606542919,0.01323858770117304,0.4050983741614501,-0.00013816542270839153,0.0005847911381186844,0.00154161766702682,2.018140589569161,30.46390205900967,0.33734034560480836
vupq,24,2,2,0.36764705882352944,0.5049019607843137,3,5,NEUTRAL,9088,300.1400818824768,0.130718954248366,0.08169934640522869,0.326797385620915,0.17320261437908502,107,15,0,339.2217864923826,2.780506446658874,5.387307955509241,773.6984142384463,480.8511811495118,6234383.378261861,3413139.0929002487,0.6654285626602248,0.11123942265009153,-0.0001023636361673026,2,4.286885245901639,1.2770323448457823,0.37927346786881433,16.58704756243723,1.8121376037597656,3.1712225700271652,219.26865005493164,0.7305543754092422,0.3565002026017206,997650330710.4625,91.0591270323439,0.19038833451239157,0.6152309230311521,0.1358345751210369,0.02074577122212343,0.018060410320590404,0.19245687889429816,0.7783949065640831,0.3098182069128167,13.740330237732715,9.17044361848679,126.00492374451706,12.762962161971839,4.829085150892814,4.341553807724797,2.692131199413891,0.0034399288656555586,0.11679670097153065,3.9885004533906794,141.71651461312274,-0.013138269096456646,-0.7428668432793004,19.487197023938737,10.65001976806961,8.926615406376175,0.010856629559094636,20.22334180118903,10.908014432993776,2.9961780419859916,0.013512750485356946,20.151103295010262,10.89769464639681,3.188814058462703,0.012973081410643707,9.611161250641631,0.12037854028822005,1.5417910712690963,0.6603164919832313,0.017541414318391953,0.2209724307484071,-0.0004050435336681359,0.0002274589013056915,-0.0009063020019986136,1.4983277591973245,16.519494883373312,0.1994645247657296
jydt,33,2,2,-0.2336601307189542,0.16176470588235303,3,2,CONTENTMENT,25396,297.7980971336365,0.1895424836601307,0.019607843137254832,0.3545751633986929,0.1356209150326797,150,0,9,474.7976473576372,2.9861487255197305,6.4187403919460335,883.4138884901338,549.4648738343145,6792294.5836187685,3013828.4078368465,0.5677248307967033,0.1529893585943433,-3.8721529436280845e-05,2,6.981132075471698,8.087937829944455,0.45764527024735496,21.195837194405417,1.3024260756335682,1.9684992237782255,205.78331995010376,0.6910162352641185,0.5339187910547628,791095763341.2943,129.06204306475013,0.15903476639955658,0.5331896344336656,0.2985639145624905,0.010918243603762347,0.010382104669227666,0.15442252189505054,0.6693729301673481,0.31519100954464513,20.717841686581362,10.795973758218562,223.66927517525897,11.311061919528855,6.863491202077971,6.463675441301679,2.122766513127935,0.04574925007108147,0.0497205600299793,0.4104994037170814,34.68561085293561,-0.009416876111935705,-0.40304440882814596,22.652917131350108,12.84498175072672,9.234310168193677,0.010720085255599289,23.226542343779823,12.672542269689567,2.5021320615799176,0.010866060694780244,23.342675055498724,12.68661896201913,2.716801619605761,0.010751254299880247,10.184486900439214,0.05794377287942937,1.4603914443764539,0.6255137038276174,0.010730586684262798,0.4983380192985965,-0.0007133725205750238,-0.0004465142371762508,0.00022824562095662704,1.9190340909090913,23.361977945764618,0.31484184914841856
rqnt,23,2,2,0.5392156862745099,-0.2336601307189542,3,3,ANGER,7206,286.94071888923645,-0.6339869281045751,0.4787581699346406,0.36111111111111116,0.35130718954248374,168,10,0,376.52842459171495,2.1153282280433423,2.8777908313970992,1007.4731131312192,598.2707538150864,7445195.4101879215,4335990.553534848,0.517229663296821,0.1532440891049393,8.218366838602147e-05,1,5.0,0.0,0.41106932603518215,17.97261820755072,1.166920485469581,1.652923648476999,206.54492592811584,0.7198174129055743,0.5854867885266942,953209550052.6243,108.13930439295993,0.1783293948401511,0.49576712616340096,0.08880071724181696,0.010560488652355359,0.011904657651788737,-0.016267952670570327,0.6071929271367054,0.36528520456817704,28.078732885366744,11.424716548114814,320.79156424554503,15.846309965983037,5.3820811872307255,8.44817180659354,1.173747899129626,0.00360127612076027,0.05044490303018963,2.356282280371287,447.14943892688825,0.0035993191103093447,0.5195866942482026,20.41563432858997,11.271994257979644,8.830329048104181,0.011345874461514346,20.82617980635664,11.520482310312103,2.5064881800491476,0.01162427074651991,21.560840134991736,11.47006444462146,3.0502808742839487,0.012928912616987163,9.903509332090742,0.03932164067398519,1.5932323291394794,0.5205184520068069,0.010715682978243974,0.1731096294131473,-0.00022157864845049789,4.322027644155531e-06,-0.00028138656077665786,2.457718120805369,30.31401307403136,0.42158385093167705
byvo,22,2,2,0.49836601307189543,-0.5065359477124183,3,5,NEUTRAL,1749,163.69874215126038,0.14215686274509798,-0.2663398692810458,0.18790849673202614,0.0980392156862746,25,1,0,261.04804322177984,10.04030935468384,14.91281544354684,518.1166526005701,258.37235511209695,5408689.161520238,1105503.6009434613,0.6899373544850124,0.10141110602410523,-0.005229997482899829,1,5.0,0.0,0.6605456392252038,38.44752373198815,2.598283538818359,3.1190573376646507,64.95708847045898,0.39680872080518215,0.1527195607703545,430991664655.3276,69.57452355133316,0.09648792620381294,0.6859989559048465,0.030130531419316306,0.031798692074203,0.03296715211741039,-0.10133946310912981,0.3373653284840073,0.3277991665032148,12.636196557914907,11.654744398076856,147.27164104635682,12.69345255252943,6.603254839670432,4.2917474942450715,1.772561515353859,0.006572185730484201,0.11253551713886885,7.308558786090249,48.76050052308403,0.7955258929016521,8.436379243664305,34.6945684712261,18.78987900345433,14.103910577619097,0.01801441149722876,34.89173404314063,19.046194246943216,3.4043922083908162,0.018463817987858712,34.95745590044547,19.03304987548225,4.127332638744078,0.018227401117166347,15.148888108766084,0.10324965639039624,1.3701369889157897,0.6994259537399304,0.03132893386127876,0.037688450812160525,0.0021288002445970884,0.001123540843989995,-0.018002419195153864,1.0842105263157895,17.19030338402334,0.04040404040404041
fbeq,22,2,2,0.8545751633986929,-0.4607843137254902,3,5,NEUTRAL,15232,300.2334439754486,0.3594771241830066,0.06209150326797386,0.7761437908496731,0.4133986928104576,196,1,7,561.5501030708198,2.752696583680489,6.368616251401535,1124.2220907351073,608.3178339920563,8253200.693786427,3886523.1689350368,0.43398862977196584,0.1556853487464841,-0.0010280029721916693,2,6.200980392156863,6.371181980068138,0.34396552150211385,14.181186663578625,1.0382912041518488,1.85322437010894,210.77311444282532,0.702030765300288,0.67614053022221,1070339643672.1625,500.5050361843358,0.08718032459717699,0.4159548397704138,0.3640950408125805,0.011805631678703427,0.01823858036612239,0.020883148254359416,0.776649582709689,0.31301526871465774,25.977811855713416,12.666866937909846,329.0574861143787,10.385304676826957,6.718231981719549,4.716366507364627,1.706541035433632,0.0034213244814993524,0.06679440989340914,0.23027446442883379,28.380776742049648,-0.01964698831808255,-2.65333081085613,24.226398653496915,13.548444946737435,10.51030880716601,0.010299389983923555,24.558267128202353,13.562130244663432,3.3973752101288572,0.011494287227318762,25.704410829504635,13.603186138441425,4.105589377799223,0.014709097284931496,11.35879727857785,0.07541401651930332,1.5309195337537154,0.6244176416479652,0.013759245726900212,0.6701494575362241,0.0001865975959588631,-0.0005364123267487669,0.001726311437172617,2.050847457627119,28.90149177522776,0.34444444444444444
jshj,23,1,2,1.0,-0.5735294117647058,3,4,SADNESS,140,258.07566833496094,-0.8251633986928104,-0.7124183006535948,-0.6584967320261438,-1.0,47,4,0,458.33170874939583,8.986896249988154,18.51250035380662,739.8159387350007,552.7926535944348,5647801.357514505,2588630.115149837,0.6668528295134176,0.10619398044601534,-0.0027829988258187346,3,13.392156862745098,10.140345415806342,0.3322726159589625,16.866829050964053,3.283416271209717,6.324196742819532,164.17081356048584,0.6361344121267785,0.1821171298450262,629686189702.6757,93.43947744099243,0.08050908307387916,0.4204040574033675,0.17962310478609933,0.028358837929699232,0.05501622363379873,-0.2836522231910626,0.6124987876941146,0.38950684113671435,10.627286668246395,10.243906918309658,108.86493542370924,14.918890786177837,10.561945944602359,3.2918734954835425,4.210094893875055,0.008256008828383952,0.13637311645620592,-2.258363662402002,-101.160603430955,-0.13588666779258793,-3.91841301487662,25.362459120795503,13.737998690430896,11.380908169927277,0.011723625974591633,25.341819098724542,14.295279286346814,3.0175712267743346,0.012314550469207557,26.749468603964004,14.270511259861662,5.572805959159168,0.014879592504078769,11.51300431118142,0.11129988925541809,1.6699544386595344,0.5117801702422773,0.027216215234687088,0.4204987106474658,0.0026960845953555935,-0.0023114568705467414,-0.01090496606842974,1.0374251497005986,14.76065211567836,0.01836884643644368
odjn,22,2,1,0.47549019607843146,0.011437908496731986,3,3,ANGER,1390,174.74684071540833,-0.5702614379084967,0.5343137254901962,-0.5506535947712419,0.4901960784313726,77,2,0,119.32366096596267,1.5104260881767426,1.6022852703491621,612.5875495058865,199.43602644321538,4556950.625838384,972415.9922525662,0.6050459154753461,0.14051641985116303,-0.0025543606659437757,1,5.0,0.0,0.6055832747013542,30.180945108674063,1.5453522235919268,1.6196706778452281,120.53747344017029,0.6897834200990043,0.44063743690452034,484355686302.6462,88.8105229208726,0.19973271220943384,-0.3399014291093707,0.3790503487811385,0.015322575861394143,0.013449801638624359,-0.1243598572703844,0.748329245318227,0.21221958699073745,20.25778598665727,7.621589428742366,154.3965275256323,16.714279094985116,3.542020923649148,6.728793543844051,0.7728390196220768,0.025491669351611776,0.034277232535195344,1.34788186177211,40.77537583519029,-0.013083750152525319,-0.2352650464287851,16.735280929333133,9.196119718593948,6.952852815652112,0.02523695749203869,17.353453911109717,9.463782246785872,2.6829981992571392,0.027653414612622274,17.028435126876666,9.45740932944797,2.4663190097684393,0.02455918325318503,8.469607142073013,0.055712279254889176,1.4197269710054612,0.545688664590596,0.015651798870587888,2.3369883829343787,-0.0019099794169294092,-0.0017890305723265558,-0.00031665163324699557,2.6579476861166995,21.64408737973318,0.4532453245324532
mtap,22,2,2,0.488562091503268,-0.8006535947712419,3,1,EXCITEMENT,87108,300.20164132118225,0.4183006535947713,-0.7418300653594772,0.5130718954248366,-0.6323529411764706,83,22,1,358.77698819679784,3.3846885678943193,4.295858787028762,742.6754959159408,482.8540743160115,5843889.917553393,2691023.651878569,0.6343004540648333,0.12273448126117673,-0.0006955832486226237,3,4.877358490566038,3.5916644330708856,0.5619978757079833,29.212319581495567,1.9723806494758243,2.4290085505853587,207.09996819496155,0.689869539964932,0.27981192784395664,685310272476.3262,199.98974202232512,0.14370955580531938,0.6640337135906349,-0.07231982584520326,0.019030313987909372,0.025444790613616625,0.17712237723047247,0.5230188925077272,0.3760043934948643,29.428229605144065,14.875134297545463,437.7488675155212,15.526424654873734,9.111081393241067,6.914836312779341,0.819595468591536,0.006893698379891371,0.051742798730753464,-8.126383019614055,-551.3086731266809,-0.06888986376695945,-3.8007739787597763,20.436368847187968,11.371155477630817,9.213427884724817,0.010504482940453324,20.7707132186127,11.347027533301198,2.3404105999731204,0.010893063363594623,21.239484708445314,11.48834835008897,3.9156206797782986,0.012216477684421478,10.319866474697383,0.05327782032054709,1.3097621699264037,0.6979113921540098,0.01676768328235812,-0.10729777757941868,4.499780471038336e-05,-0.0022698928894782826,0.000629477523136676,1.9783505154639174,32.97408555309898,0.32848736587054345
fjxq,19,1,2,0.8333333333333333,0.3431372549019607,3,5,NEUTRAL,175953,300.38734316825867,0.20424836601307184,-0.3464052287581699,0.29738562091503273,0.18137254901960786,86,21,1,1078.5397781981023,9.986479427760207,21.57084186301959,1479.731394116086,1002.223913196229,9412090.147669792,5536778.198393879,0.4810620963348207,0.1763813126918008,0.0016981739308584585,3,15.13888888888889,10.239229511425863,0.30121418020493995,11.093964386101934,1.7804245815098843,3.126931217750149,190.50543022155762,0.6341992582385474,0.2896260510925319,1054494112406.0927,114.39819540636925,0.16821065358494966,0.49678270458832896,-0.20669342230441576,0.028130413520090523,0.029533684954797395,0.009799030880658952,0.6558133735910687,0.3677537175069714,29.412894415146596,11.762090728059144,345.95713268577833,21.073560208544833,10.011017847158154,9.324021925504457,3.117553235064256,0.006900184346105335,0.07796246172763761,12.52067553455994,628.7794352719234,0.253219232248277,13.648508892731556,32.65857251011655,18.10953381635345,14.055675513016569,0.009943231260310714,33.4348432490534,18.25098759544861,5.661601255979428,0.010665710540083811,33.28303919343908,18.37864100585156,6.389570704493541,0.010768547958481608,14.141927817342886,0.07687797390037664,1.6320739005222131,0.5812927074836067,0.027447163886650295,-0.3926285630077393,-0.0010065693087684881,-0.0008518532433010032,-0.00649470636834033,2.500651890482399,31.677517834761876,0.42867783985102426
thor,19,1,2,0.8022875816993464,0.46405228758169925,3,2,CONTENTMENT,17644,156.09382796287537,0.3790849673202614,-0.33496732026143794,0.3055555555555556,-0.41993464052287577,65,7,2,567.5519060981973,7.669620352678342,21.757715979040213,1295.8781331270445,938.0990717754519,8081728.319160452,5675468.525424811,0.5249943772621449,0.13417409599760025,0.0025186883229809296,3,7.837837837837838,7.93048689249795,0.42689260756831837,15.866290855704763,1.27464058627821,2.079484496747308,93.04876279830933,0.5961078923661198,0.4292290148457053,1579175334372.0835,123.55629663863309,0.08451499084205623,0.4644922765509696,-0.0024494999746582638,0.014852856830233926,0.011007564080685211,0.15291474060069754,0.5723943053703918,0.3426725070064299,18.248876096988763,12.9429003578643,236.19338496633713,16.044808290835274,6.65289386127652,5.878822511622503,2.4029119451380323,0.041043574644857125,0.10434826347717271,-13.658794272354678,-435.04738429420195,0.011722531918069096,7.552561889190059,35.509532663575555,19.93349608585228,11.33486719775471,0.020515274415618515,35.67370696215499,19.755640595724564,4.029110910970141,0.019275093372403043,35.899446622701696,19.919814894303993,3.550269206780141,0.01896208357751682,13.920612400380708,0.13272352240145263,1.5188082580223548,0.4846391784367,0.01324151764308567,-0.026975078619595663,0.0007319326628657907,-0.00047227372016832005,-0.0020589307404622515,1.409952606635071,22.372754601900315,0.1701081612586037
jfyl,22,1,2,1.0,0.24346405228758172,3,3,ANGER,0,227.93176913261414,-0.1143790849673203,0.15032679738562083,0.14215686274509798,-0.14869281045751637,86,0,0,1329.32806113373,15.45730303643872,28.232308509871533,1883.3725201436775,1602.3713664844656,13042678.6620476,11013578.280076088,0.38866976534444386,0.10146584797089793,-0.0009083975559080829,1,5.0,0.0,0.3617961480275278,13.583890731023297,1.5728706163518569,2.506815105180259,133.69400238990784,0.586552734174246,0.37730589433526446,1215287536381.086,198.27306649793402,0.09059970757788202,0.46942473029161913,0.09521954513157707,0.020562174118856892,0.03298301730304241,0.1607123662080152,0.3896793689150733,0.35414670884483135,29.412894415146596,14.890469487542932,437.9718068290623,16.580582590149824,6.052307873571894,8.05039509327232,3.0351909424447463,0.004545949751439003,0.18277341280070913,-1.8864369005916215,384.5610069099687,-0.06994075718922992,0.7765985452536519,38.15870221357899,20.847725560099267,16.26540821064875,0.013302218219823225,38.41782134941101,20.97501215313956,4.477760505167417,0.012549436596802464,39.11335166138118,21.05683924866546,7.382622396336941,0.014898927296050163,15.528964350915633,0.08640686029083215,1.7584229727338563,0.5384973947329758,0.021100789967312395,0.13123666042693044,-6.83668884504085e-05,0.0028051876581688564,0.0010498648793195824,1.9752832131822864,32.96732381367964,0.32779508480443065
jtab,22,2,2,0.8398692810457515,0.6258169934640523,3,4,SADNESS,491,300.16217136383057,-0.33986928104575165,-0.3055555555555556,-0.2777777777777778,-0.2009803921568627,63,0,1,859.2377277751203,13.425589496486255,46.00574966496627,594.8310561629319,331.29085657996524,5648102.595627371,2803900.1230216627,0.4867392482254571,0.1742115051783512,0.00226409751729927,5,5.984375,5.848322909978124,0.6016246235890524,32.374237496439314,2.2453847801874556,4.029623927583945,141.4592411518097,0.47127604557585995,0.2132180737806056,527456676244.17926,75.67534413965008,0.059238944676950844,0.4999455601313378,0.11524133220774632,0.021672703209862774,0.03074861525713185,-0.16943318479008926,0.6581116869221828,0.3345220558159841,17.834825967057085,8.572371208585478,152.88674863013281,16.931378442222453,5.610883375802355,4.342283010038283,5.620092882306028,0.0033988945592812255,0.06239208885582768,-0.5518322584363649,-57.12201222400154,0.6410648028787217,20.752634437172897,39.8282464456574,21.44362577450525,16.358879513820536,0.011006587668100126,39.33200784000234,22.031634533260902,3.650412756668036,0.010106257469068543,40.229316003652585,21.997645587668092,4.782244644908684,0.010335757994241475,16.471043034276818,0.0694540502730597,1.5900746881273873,0.5287926446254162,0.017287718532873444,0.23316741251956902,-0.0025867806247890537,0.002070313905642643,-0.004976040993713654,2.080500894454383,19.788040969560353,0.35075493612078973
oyzc,22,2,2,0.7761437908496731,-0.4575163398692811,3,5,NEUTRAL,19287,300.22437739372253,-0.16993464052287577,-0.4035947712418301,-0.08823529411764708,0.24673202614379086,116,13,1,330.03831176236497,2.538756244325884,3.83034202256817,1207.7740937396945,901.5702985770425,9790408.469958609,6747518.905303354,0.6397188253449951,0.14179766339505046,-0.00012274610946833847,2,5.269230769230769,3.057873724661686,0.39853666232581453,14.751177350463552,1.8189431512078573,3.31887596192493,234.6436665058136,0.7815610062806306,0.389708527387711,1067538377728.7947,217.35016492155353,0.17545869463488598,0.46059537943394013,0.24497744835623878,0.008621654501847317,0.01185357316206089,0.17991881395458542,0.7020929768118964,0.3411016073593045,27.005269585543875,14.844463917550524,400.87874994633063,16.10861074570726,4.06377493116137,7.48884946533396,0.8232871206232565,0.01394377766031257,0.06591106625486477,3.5809881149378,-105.31484563735899,0.02535131982054794,1.4093319195927172,15.752982811738125,8.620740538488246,6.02371194925503,0.012466796381568616,15.739039034077814,8.735776704185826,1.6244500974264144,0.012942847481781311,15.993512976378517,8.784579925996919,2.1961449814992298,0.013034864431032146,6.870796442119019,0.0593420127776349,1.3471270047151616,0.5474922698698084,0.008319059049593265,0.47212690048862804,-0.00041270108460049557,-0.00047548981277334266,0.0009482803231714351,1.8192148760330578,30.816273207306565,0.2905826310003664
nliz,22,2,2,0.5473856209150327,-0.5686274509803921,3,1,EXCITEMENT,48026,227.3283360004425,0.5898692810457515,-0.26307189542483655,0.6160130718954249,-0.11601307189542487,48,18,1,290.62401901390285,4.33767192558064,6.241840059763005,892.5960100290348,434.15470806750153,6336968.499101331,2475293.749301165,0.6888322948785012,0.09727510154756326,-0.0006128293872133847,2,5.522388059701493,4.243900659138188,0.38571855645947356,17.464470450914963,2.4571828047434487,3.989987537905752,162.17406511306763,0.7133913350456758,0.21554726024082022,869347973664.1902,106.07564225246844,0.16166011788445703,0.6373393580430352,0.2438066760631042,0.0237812731099653,0.019579542926217244,0.1249850075629914,0.5633980549663046,0.3092167161005957,26.637225025604607,11.60873882808445,309.224588427159,15.52286195881546,7.589586884444068,7.987893516497241,0.9398477025780319,0.004611875518544806,0.06802537241407508,-1.865005302272021,32.64868847236994,0.034462443677340464,1.34038304676257,20.495174804413118,11.216081261100967,9.071559144977632,0.014648174610057112,20.882572347970882,11.511241294287835,2.707170929385801,0.01550701736729912,21.47750428986316,11.543524422917649,2.707170929385801,0.017034859139621904,10.081559883538945,0.05292091895226622,1.3758585283045324,0.6929116997722805,0.024298683510794998,0.36349741126002405,0.0020572614691706376,-0.00015364302162378395,0.0029597058796581315,2.2945838837516512,29.0569195587449,0.3929430633520449
tgfv,22,2,1,0.45915032679738554,0.3643790849673203,3,2,CONTENTMENT,255356,300.24877762794495,0.4183006535947713,0.4183006535947713,0.3741830065359477,0.22549019607843146,14,7,3,2320.1948211947906,96.67478421644961,163.8192740878004,1851.988087006519,914.7331475471757,10347872.064487953,4490164.3324243855,0.5072429978756626,0.0932876152486605,-0.003034012432352248,3,24.375,8.816709987291178,0.26012400882060766,7.463368476183479,5.920385858286982,5.8642462994149485,136.1688747406006,0.45352016356694397,0.05661971427262778,1022930620632.8325,123.34416423067769,0.09505711063258186,-0.24070196270515956,0.2550230373044733,0.05819998956987623,0.06112821117673096,0.047084021839611835,0.2927980291071741,0.32383383262006615,29.428229605144065,14.047034037682106,413.3793429321829,15.992214323059585,6.144323305459351,10.495352409140391,5.61274979232678,0.006906012944957634,0.05632727277599621,50.73733822045659,692.2143546912594,5.790019930549195,22.01741866695994,52.74812687358641,28.936194239372487,22.523961219979324,0.011771868348210379,53.666626595265775,29.188263711863442,8.981269834917404,0.011782653584068147,52.73776785416898,28.956912278207362,5.4246731682642215,0.01154699454067482,22.582662330011463,0.064418444853532,1.6687619447212427,0.5461566530785505,0.04096161857350504,2.5809461648624925,0.013882853438051755,0.01696289626256855,-0.015776742181879428,2.0949781659388647,32.608892390709585,0.35379188712522047
btac,25,2,1,0.24019607843137258,-0.5751633986928104,3,5,NEUTRAL,1760,125.39113855361938,0.05882352941176472,-0.24673202614379086,0.065359477124183,-0.4852941176470589,36,2,0,179.3765468898124,4.720435444468747,4.2231942432841505,2382.4596966881663,1494.880655291798,15765453.790545503,9584399.326387076,0.22286228689303,0.08472797182189641,-0.0012025977868889046,2,3.8157894736842106,1.4663822858689506,0.23403497523712102,7.336910554393709,2.264544912286707,3.115074703972729,83.78816175460815,0.6682143787918388,0.2871016278762457,1414007630116.907,120.45217416156133,0.2401715566748078,0.45137317998892046,0.13527520960022446,0.01568722200200683,0.019649011139226468,0.2854772362767536,0.8330354607486002,0.2814608121841987,26.008482235708357,9.753180838390632,253.6654305769339,12.971323663080017,3.8457464290429666,7.242916597629923,0.7071383218511105,0.010544148432829763,0.09889679724282255,32.04130598976775,1208.3809032306058,-0.08128493594766338,0.038452703521160814,12.06250580715725,6.653357661115581,4.91357316969867,0.054825122215133464,11.967608471261782,6.811519887608027,2.22481531932708,0.059571106172850115,12.705698861559865,6.600636918951432,2.446242436416505,0.0693622949890326,5.725472599026562,0.1594493280394213,1.42197951477763,0.49972395291452953,0.014541732123606,0.2664480972674028,-0.0016523413634188867,0.0018834087429945633,0.010810501730396795,2.666666666666667,27.777071203989582,0.45454545454545453
gtuq,23,2,2,0.39869281045751626,0.07516339869281041,3,3,ANGER,1333,158.59528851509094,-0.17156862745098034,0.11764705882352944,-0.05718954248366015,0.261437908496732,36,0,1,341.17004892914673,9.220812133220182,19.12300559969906,1767.8180856915694,957.4229060650717,13060577.808595058,11345624.417771783,0.2451119857055722,0.10340870610585264,0.00012627196306895907,2,5.945945945945946,5.6756756756756745,0.28903481356084687,8.045622641085158,3.210984561178419,6.931834319457644,115.5954442024231,0.728870606969032,0.2332982293889475,1341253579301.2756,114.76902105832261,0.17903891209925704,0.4418660201095568,0.1260208647856489,0.01706958724197162,0.02063934811198071,0.0766550397937241,0.6294122363394229,0.37388668158108807,27.081945535531222,12.835554027882011,347.61177510146905,15.025665325505468,5.582463456819109,5.980366225380872,0.9814686192076147,0.006956137135070246,0.08635634776524277,42.942567281539596,763.0221064568884,0.7347826833450146,13.650388363602358,19.115464847173033,10.489854799685931,7.957820882520361,0.02853842142404636,19.345017372630355,10.594196856711985,1.8851131636040366,0.027763098808933354,19.351973509765422,10.538547759631422,3.2485160420778048,0.026855378207349106,7.526540380146006,0.09766232032454597,1.3335580388889205,0.48376597481178496,0.015673563662952625,0.27572874387530266,-0.0003859337652690254,-0.010133143283670678,0.0029813343305817833,2.109916367980884,29.96970505680958,0.35689588935843264
hxxx,23,2,2,0.16176470588235303,0.05882352941176472,3,5,NEUTRAL,1688,268.7231283187866,-0.02614379084967322,-0.16666666666666663,0.18300653594771243,-0.04738562091503273,99,0,4,899.7476332026598,8.73541391458893,16.82963400416367,1890.8760746059718,1074.7241161632826,11953578.75643094,6669423.530965084,0.28732698428173586,0.09378899508644287,0.00048112294674794036,2,6.359223300970874,6.762050543443049,0.2952276017076123,9.307944716993026,1.5958011033488255,3.2905811279756767,162.7717125415802,0.605722750996274,0.38329413863406264,1356122413260.446,125.42951630798952,0.10930927121018262,0.35428355434373593,-0.05850853305607156,0.018300722920706263,0.027121009210593273,0.13220987437939605,0.5738325830144363,0.36755863154501284,29.044849855207328,14.875134297545463,432.0460422482529,19.559824656117318,8.093824746229338,8.064031046330987,2.0825271966862884,0.025000256203257035,0.05243098140539606,-4.271146249630373,-276.7591529661763,0.09886041648464797,5.546432243534205,26.621106147101536,14.695983938147927,11.050113241839611,0.014296020797311137,27.212778877245285,14.745984450554442,3.3458676218692336,0.013116842134093457,27.708617291943217,14.987653593852594,5.508389783450967,0.01579244652184175,10.766777004869365,0.05394084734930063,1.5927682152508544,0.4377890909871411,0.020926793466880277,-0.3090881314906962,-0.0024683574642533645,-0.005209773840535543,-0.005783150385807024,1.952577319587629,32.63239071048198,0.3226256983240224
